frameIndex;frameTime;pcm_fftMag_mfcc[1];pcm_fftMag_mfcc[2];pcm_fftMag_mfcc[3];pcm_fftMag_mfcc[4];pcm_fftMag_mfcc[5];pcm_fftMag_mfcc[6];pcm_fftMag_mfcc[7];pcm_fftMag_mfcc[8];pcm_fftMag_mfcc[9];pcm_fftMag_mfcc[10];pcm_fftMag_mfcc[11];pcm_fftMag_mfcc[12];pcm_fftMag_mfcc[13];pcm_fftMag_mfcc[14];pcm_fftMag_mfcc[15];pcm_fftMag_mfcc[16]
0;0.000000;1.221757e+001;1.267481e+001;4.198804e+000;5.494032e+000;9.964772e+000;7.459858e-001;-1.793180e+000;-6.006532e+000;-8.514351e+000;-3.958322e+000;-3.191231e+000;-6.952873e+000;1.205698e-001;-4.029683e+000;-9.831557e+000;-4.877515e-001
1;0.010023;1.505558e+001;9.085221e+000;6.354723e+000;5.724966e+000;4.229921e+000;-2.104134e+000;-3.490516e+000;-2.574739e+000;-9.862381e+000;7.571133e-001;-4.901147e+000;-1.364652e+000;-5.546062e+000;-9.057831e+000;-5.473630e+000;-1.048841e+000
2;0.020045;9.035057e+000;-4.370436e-001;2.210043e+000;8.293144e+000;4.374662e+000;2.441152e+000;-4.005050e+000;-2.331924e+000;-3.536182e+000;-2.696597e+000;-5.964650e+000;-1.389265e+001;-1.300034e+001;-9.914723e+000;1.998873e-001;-2.586722e+000
3;0.030068;3.832807e+000;-4.904825e+000;-2.581451e+000;2.851714e+000;2.993307e+000;6.213615e+000;-7.675373e+000;-1.682750e+000;9.027335e+000;-1.045555e+000;-7.751895e+000;-1.567390e+001;-1.269824e+001;-6.519653e-001;1.227943e+000;-2.637520e+000
4;0.040091;6.063159e-002;-3.456974e+000;8.938303e-001;5.146305e+000;1.696465e+001;1.990842e+000;-7.109428e+000;1.264819e+001;1.657710e+001;2.749124e+000;-1.205105e+001;-1.172868e+001;-4.226993e+000;9.807966e+000;7.944886e+000;-5.644542e+000
5;0.050113;3.449054e+000;-1.105827e-001;3.206127e+000;5.814438e+000;1.370439e+001;-2.210565e+000;-7.390090e+000;4.205630e+000;1.370397e+001;8.976842e+000;-1.371536e+001;-5.605987e+000;-1.129124e+000;2.828617e+000;8.389097e+000;-4.441124e+000
6;0.060136;2.905719e+000;1.776176e+000;2.170212e+000;1.347052e+001;4.919242e+000;6.793754e-002;-1.645284e+001;8.420723e+000;1.191141e+001;-9.866794e+000;-9.060910e+000;-3.446305e-001;1.663481e+000;6.367451e+000;1.535056e+000;-4.090366e+000
7;0.070159;-1.360150e+000;2.116881e+000;3.574963e+000;1.329251e+001;8.463419e+000;-5.326374e+000;-1.092142e+001;1.074110e+001;1.133950e+001;-1.469904e+001;-1.381744e+001;6.268637e+000;8.400928e+000;6.293962e+000;-9.502777e+000;-4.175850e+000
8;0.080181;5.143965e+000;4.247584e+000;2.383760e+000;8.988709e+000;-6.007050e+000;-1.344893e+001;-2.393559e+000;2.373593e+000;1.230892e-001;8.773827e+000;-7.322029e+000;7.853981e+000;-9.925452e-001;-4.668966e+000;-1.320671e+001;-6.210159e+000
9;0.090204;5.447149e+000;5.844061e+000;-9.753181e+000;1.372803e+000;-1.315800e+001;-9.648915e+000;-1.527912e+001;-6.041904e+000;2.259867e+000;5.853997e+000;4.638039e-001;5.231707e+000;-1.661323e+000;-1.639427e+000;-8.369065e+000;2.929447e+000
10;0.100227;5.497408e+000;4.136933e+000;-8.030135e+000;1.900230e+000;-1.277740e+001;-1.166964e+001;-1.325607e+001;-1.910298e+000;-4.143178e+000;3.576037e+000;3.831199e+000;1.207296e+001;5.466527e+000;9.418727e+000;5.619659e-001;-3.858584e-001
11;0.110249;5.666913e+000;6.442065e+000;-4.889535e+000;3.522971e+000;-1.601071e+001;-1.282443e+001;-7.533152e+000;-4.799703e+000;-1.245153e+001;3.306088e+000;7.132053e+000;1.804093e+001;6.778153e+000;4.158818e+000;-1.429184e-002;-1.610350e+000
12;0.120272;-8.914175e-001;1.569376e+001;5.411016e+000;-2.797643e+000;1.245500e+000;-3.209940e+000;-1.139999e+001;-1.288627e+001;-1.716524e+001;-1.765224e+000;1.014648e+001;1.851176e+001;6.207104e+000;-2.803005e+000;1.227694e+000;5.326249e+000
13;0.130295;-5.456341e+000;1.303407e+001;-4.903560e-001;-1.696274e+000;1.180729e+001;-8.608732e+000;2.172675e+000;4.854400e+000;1.318522e+000;-5.413309e+000;-5.049072e+000;8.465135e+000;1.984076e-001;-3.707594e+000;5.783022e+000;7.047437e+000
14;0.140317;-1.217470e+001;9.127553e+000;-8.604461e+000;-1.375912e+000;9.520654e+000;-1.591681e+000;8.525373e+000;6.121991e+000;3.624699e+000;-3.042302e+000;1.021517e+000;8.844561e+000;5.448266e+000;-1.601069e+000;2.555851e+000;5.542896e+000
15;0.150340;-1.378868e+001;8.708146e+000;-9.923628e+000;-1.014295e+000;-5.045034e+000;-7.588648e+000;1.651174e+000;-3.332408e+000;6.376532e+000;-1.071461e+000;6.450374e+000;1.001445e+001;9.269824e+000;8.106848e-001;-3.352791e+000;3.638803e+000
16;0.160363;-1.436344e+001;1.140316e+001;-1.030684e+000;1.898978e-001;1.562002e+000;4.001678e+000;1.244964e+001;-4.351867e+000;-4.228889e+000;-9.552010e+000;-8.484121e-001;5.746473e+000;-1.441389e+000;-2.494815e+000;3.338400e+000;2.197768e-001
17;0.170385;-1.400350e+001;8.275272e+000;6.508440e-001;5.462718e+000;9.686413e-001;-1.126127e+000;9.855335e+000;-1.402288e+001;-4.447398e+000;-7.605879e-001;7.029221e+000;1.126280e+000;-6.602413e+000;1.315809e+000;-2.988801e+000;-2.114912e+000
18;0.180408;-1.320834e+001;8.087133e+000;-8.390483e+000;-4.503631e-001;-6.224113e+000;-1.273120e+001;-4.076571e+000;-1.645993e+001;-7.293175e+000;-9.295511e-001;8.125975e+000;-3.263125e-001;3.515810e+000;-3.997653e+000;-6.508981e+000;-5.591431e+000
19;0.190431;-1.509229e+001;8.693077e+000;-1.295834e+000;3.496135e-001;-3.621048e+000;-1.215256e+001;-1.090541e+000;-8.304817e+000;3.020375e+000;-1.001785e+000;1.712222e+000;3.191998e+000;4.505324e+000;8.338510e-002;3.637659e+000;1.844305e-001
20;0.200454;-1.487468e+001;1.150663e+001;-2.178898e+000;4.298756e+000;-3.317599e+000;-3.399191e+000;1.716660e+000;-4.936087e-001;4.464210e+000;1.339374e+000;2.122633e+000;-1.357054e+000;2.388337e-001;-1.199987e+000;-6.529294e+000;-6.791203e+000
21;0.210476;-1.678092e+001;5.768319e+000;-3.467407e+000;1.138875e+000;6.954829e-001;-2.227635e+000;-2.961695e+000;9.307186e+000;8.846354e+000;-7.239581e+000;-2.282168e+000;-8.969237e+000;1.021165e+000;-6.970621e+000;-8.338270e+000;-4.945398e+000
22;0.220499;-1.390425e+001;6.560241e+000;1.032666e+000;-3.534326e+000;-2.520216e+000;-3.494549e+000;4.528253e-001;-1.566664e+000;-9.388133e+000;-1.073982e+000;2.179451e+000;-4.973721e+000;3.352995e+000;-7.024764e-001;-1.739639e+000;1.395442e+000
23;0.230522;-3.513160e+000;9.733452e+000;7.396526e+000;-9.675502e-002;-5.252790e+000;-8.625453e+000;-1.453033e+001;-2.178127e+001;-2.304994e+001;-1.028226e+001;1.624574e+000;-2.058636e+000;1.313026e+000;-6.180057e+000;-2.763345e+000;1.973763e+000
24;0.240544;5.956231e+000;9.023769e+000;-3.705021e+000;-2.449915e+000;-5.473869e+000;-1.441828e+001;-1.162105e+001;-1.521526e+001;-1.970300e+001;-8.279038e+000;-9.914907e+000;2.375254e-001;9.897058e+000;1.269470e+001;3.867468e+000;1.601556e+000
25;0.250567;1.000948e+001;1.290101e+001;-3.197255e+000;2.767098e-001;-5.744118e+000;-1.164307e+001;-8.599380e+000;-9.694696e+000;-2.000579e+000;-4.549905e+000;-3.991026e+000;1.693694e+000;-3.446914e+000;1.316122e+000;4.165246e+000;2.314631e+000
26;0.260590;7.966911e+000;1.350748e+001;3.928974e+000;-6.965170e-001;-1.113135e+001;5.653362e+000;-1.118079e+001;-1.590067e+001;6.800570e+000;-2.766892e+000;-3.655320e+000;-1.036335e+001;-4.438353e+000;2.427201e+000;4.364622e+000;3.364655e+000
27;0.270612;9.670851e+000;8.800530e+000;6.107399e+000;4.494756e+000;-5.027482e+000;5.211196e-001;-1.256668e+001;-7.200866e+000;7.131168e+000;-5.312260e+000;-6.066188e+000;-4.994660e+000;-1.625841e+000;-8.175895e-001;7.552952e+000;3.832826e+000
28;0.280635;9.139627e+000;1.756531e+001;1.010765e+001;1.320591e+000;8.825858e+000;4.362723e+000;5.259320e+000;6.252959e-001;6.565072e+000;1.204852e+000;2.158025e+000;-2.839271e+000;-2.307299e-001;-8.317105e-001;-6.819727e-001;-1.913584e+000
29;0.290658;3.933220e+000;1.801125e+001;9.347093e+000;7.502183e+000;1.246331e+001;3.852212e+000;2.728743e-002;4.791527e+000;1.014156e+001;9.717677e-001;4.290228e-001;5.415564e-001;-2.523013e+000;-4.736842e+000;-1.207375e+001;-7.564285e+000
30;0.300680;-8.869643e-001;1.285491e+001;1.103807e+001;1.240328e+001;6.658468e+000;-2.103570e+000;-1.613674e+001;3.832099e+000;8.650162e+000;-4.191855e+000;-5.415276e+000;1.954333e+000;-4.061813e+000;2.205351e+000;2.198653e-002;-3.152111e+000
31;0.310703;4.539881e+000;1.300670e+001;9.574934e+000;1.926111e+001;1.795944e+000;-9.731244e+000;-4.971020e+000;1.699628e+000;8.562670e+000;1.826025e+000;-2.446092e+000;-1.228957e+001;-7.648305e+000;6.859449e+000;3.903109e+000;-2.125776e+000
32;0.320726;7.791583e-001;2.029847e+001;1.842755e+001;1.460994e+001;9.070784e+000;2.874815e+000;1.883797e+000;-1.037149e+000;1.070702e+001;5.074645e+000;-1.374266e+001;9.449815e-001;-4.836006e+000;4.425494e+000;9.382955e+000;7.366431e+000
33;0.330748;-4.996894e-001;1.799251e+001;1.394949e+001;8.840511e+000;1.055336e+001;-1.077106e+001;-3.644872e+000;2.518703e+000;-2.490597e+000;9.123089e-001;-1.241503e+001;-7.706054e+000;3.299578e-001;6.208527e+000;3.061762e+000;1.848400e+000
34;0.340771;-3.074265e+000;1.531844e+001;9.197543e+000;1.101856e+001;1.149202e+001;-1.531962e+000;-1.174092e+000;3.540690e+000;8.402160e+000;1.063330e+001;-1.408879e+001;-6.058570e+000;8.945072e+000;4.188409e+000;1.908882e+000;-3.349149e+000
35;0.350794;-3.599946e+000;8.451174e+000;3.202231e+000;1.120222e+001;3.418180e+000;-6.522965e+000;-2.336241e+000;-4.259180e+000;3.636990e+000;3.337068e+000;-4.928082e+000;-4.065832e+000;1.400102e+001;1.372709e+001;7.501282e+000;1.655063e+000
36;0.360816;-2.338663e+000;5.770291e+000;5.662235e+000;9.183199e+000;3.242078e+000;-1.872492e+001;-1.878357e+000;-5.357265e+000;-4.779852e+000;5.014023e-001;-1.968393e+000;-1.095522e+001;3.905917e+000;9.934007e+000;3.944459e+000;4.317962e+000
37;0.370839;-7.458413e+000;-3.526434e+000;1.030595e+001;1.316080e+001;-2.435263e+001;-6.320193e+000;5.860889e+000;-6.999586e+000;-1.410097e+001;-5.304178e+000;3.767034e+000;-1.260635e+001;1.378288e+000;7.012331e+000;-1.929762e+000;-4.251308e+000
38;0.380862;-1.911547e+000;6.179077e+000;1.822051e+001;9.501669e+000;-2.091538e+001;-1.270098e+001;-1.216899e+001;-1.308561e+001;-6.970579e+000;-1.115209e+001;-6.446071e+000;-8.461369e+000;-2.077322e+000;2.432238e+000;1.947290e+000;3.331913e+000
39;0.390884;4.179551e+000;1.710763e+001;1.570753e+001;-7.994443e+000;-1.153647e+001;1.621973e+000;-2.640921e+000;-5.405803e+000;5.201666e+000;-8.780129e+000;-1.502440e+001;1.238258e-001;9.786199e-001;1.715944e+000;7.262306e-001;4.463876e+000
40;0.400907;2.255509e+000;1.230933e+001;1.777576e+001;3.185709e+000;-1.390249e+001;-8.428599e-001;-1.060855e+001;-1.478875e+001;-1.675826e+000;-4.856245e+000;-1.030258e+001;-1.150244e+000;-8.864468e-001;-9.152470e+000;-1.096049e+000;3.756223e-002
41;0.410930;-1.049235e+000;1.418820e+001;1.967333e+001;-2.039146e-001;-1.607586e+001;6.803716e+000;-6.624181e+000;-1.529368e+001;8.405707e+000;-1.036707e+001;-1.265478e+001;-4.024759e+000;-5.501562e+000;-1.031975e+001;-2.441015e+000;4.653794e+000
42;0.420952;1.385345e+000;1.058135e+001;1.962147e+001;2.875271e+000;-1.447529e+001;5.357393e+000;-7.456225e+000;-1.885681e+001;3.670785e+000;-6.686054e+000;-2.111081e+001;-4.279584e+000;-6.308298e+000;-5.666026e+000;5.198473e+000;2.256370e+000
43;0.430975;-2.493142e-001;1.346559e+001;2.199555e+001;-1.742849e+000;-1.107689e+001;8.267203e+000;-8.756776e+000;-1.945703e+001;7.008910e+000;-9.492488e+000;-1.507353e+001;-6.729207e+000;-8.950666e+000;-4.128136e+000;7.507309e+000;7.952033e+000
44;0.440998;5.715801e-001;1.015200e+001;1.875059e+001;5.415871e+000;-1.415869e+001;1.091878e+001;-7.673109e+000;-2.000181e+001;-9.546380e-001;-4.859277e+000;-7.872872e+000;-5.628907e+000;-6.542465e+000;-8.168120e+000;8.032724e+000;7.182957e+000
45;0.451020;1.031779e+000;1.167790e+001;1.885759e+001;4.711275e+000;-9.352237e+000;2.935155e+000;-2.554544e+000;-1.415637e+001;-2.248787e+000;-6.932463e+000;-1.289181e+001;-3.121453e+000;-7.197795e+000;-6.819226e+000;8.164171e+000;6.804431e+000
46;0.461043;3.438337e+000;9.759727e+000;1.470825e+001;6.927754e+000;-7.465580e+000;-1.996494e-001;-2.733525e+000;-1.539793e+001;1.782312e+000;-5.275514e+000;-1.084313e+001;-1.784105e+000;1.159888e+000;-6.406817e+000;2.022881e+000;7.126509e-001
47;0.471066;2.913774e+000;1.277513e+001;1.458085e+001;4.272035e+000;-5.820527e+000;-1.064830e-001;-4.306726e-001;-1.368569e+001;-3.695824e+000;-5.262108e+000;-4.898626e+000;-4.113984e-001;3.063728e+000;-1.035872e+001;4.074028e+000;1.031054e+000
48;0.481088;4.350450e+000;7.710555e+000;1.731608e+001;7.163977e+000;-4.147267e+000;-8.918185e+000;2.030477e+000;-6.463957e+000;-8.922678e+000;-4.278011e+000;-3.790020e+000;9.247803e-001;-3.463432e+000;-7.645061e+000;1.104421e+001;4.067640e+000
49;0.491111;6.248933e+000;4.871512e+000;1.335891e+001;1.634742e+001;-5.289438e+000;-1.074591e+001;-3.222820e+000;-9.050186e+000;-6.352428e+000;-4.481308e+000;9.242579e-001;1.334827e+000;-5.266713e+000;-2.218882e+000;4.279634e+000;1.225426e+000
50;0.501134;5.644006e+000;3.941734e+000;1.017099e+001;8.900008e+000;-3.091436e+000;-1.032251e+001;-3.657963e+000;-5.036195e+000;-8.655088e+000;-1.345291e+001;-2.985337e+000;-1.373629e+000;-1.929464e+000;-5.459909e+000;-2.157229e+000;4.023541e+000
51;0.511156;4.384792e+000;4.571334e+000;6.897042e+000;9.421356e+000;-7.410227e-001;-1.176848e+001;-1.192365e+001;3.496641e-001;-7.702106e+000;-1.424856e+001;-8.687643e+000;2.643718e-001;5.633925e+000;-4.897248e+000;-2.417993e+000;-1.388094e+000
52;0.521179;5.300280e+000;7.145297e+000;1.569499e+000;9.272254e+000;-5.495355e-002;-1.153900e+000;-6.811839e+000;-1.325553e+001;-5.547164e+000;-2.055256e+001;-1.912729e+001;-9.941484e+000;1.240587e+001;4.494651e+000;9.159371e+000;6.694208e-001
53;0.531202;5.300729e+000;5.887154e+000;1.675896e+000;4.498646e+000;-3.492819e+000;2.997634e+000;-2.398592e+000;-7.917813e+000;-1.758995e+001;-8.920492e+000;8.168948e-001;-1.062148e+001;-6.640146e+000;-3.708980e+000;7.915570e+000;1.183986e+000
54;0.541224;5.053947e+000;4.446732e+000;1.295742e+000;-3.139636e+000;-9.511025e+000;-1.327177e+000;-6.852250e+000;-1.171946e+001;-1.249537e+001;-1.178663e+001;6.200032e+000;-1.266732e+000;-4.248929e+000;-1.578139e+000;-3.193441e-001;-5.493420e-001
55;0.551247;8.209470e+000;9.285916e+000;-3.888934e+000;-4.826050e+000;-8.636667e+000;-8.507357e+000;-1.123469e+001;-9.104065e+000;-3.661444e+000;-5.452744e+000;3.175307e+000;4.022129e+000;3.996377e+000;2.264294e+000;2.218438e+000;-2.303747e+000
56;0.561270;1.188255e+001;3.435485e+000;-8.521561e+000;-1.500408e+000;-4.051877e+000;-5.251043e+000;-1.443247e+001;-5.726932e+000;-9.357767e+000;-6.929340e+000;3.911648e+000;4.448380e+000;4.988392e+000;-1.968260e+000;2.087891e+000;3.726009e+000
57;0.571293;1.009845e+001;3.501994e+000;-7.818153e+000;-4.341565e+000;-4.439867e+000;1.367741e+000;-6.071022e+000;-1.133651e+001;-6.098032e+000;-7.907399e+000;-9.067921e-002;-2.313833e+000;1.328460e+000;8.633355e-001;2.431373e+000;2.614530e+000
58;0.581315;8.414869e+000;5.133307e+000;-5.224349e+000;6.936661e-001;-8.507568e+000;-3.337598e+000;-3.656934e+000;-1.823364e+001;-6.819647e+000;-7.312111e+000;9.726124e-001;3.680707e+000;1.160745e+001;2.938506e+000;-7.062066e-001;-3.506264e+000
59;0.591338;8.754833e+000;5.812940e+000;-5.099728e+000;1.099462e+000;-7.303229e+000;-9.380728e+000;-1.288219e+001;-1.793814e+001;-1.218287e+001;-3.796302e+000;1.083833e+001;3.159895e+000;4.619732e+000;5.656245e-001;1.998793e+000;-4.148422e-001
60;0.601361;7.742882e+000;3.031958e+000;-4.268446e+000;-7.002143e-001;-8.167227e+000;-6.178101e+000;-1.257053e+001;-1.729074e+001;-8.834569e+000;-5.387859e+000;2.108324e+000;4.204944e+000;4.444603e+000;5.094905e+000;2.496845e+000;-5.122129e-002
61;0.611383;3.823474e+000;-4.431776e-001;3.236023e+000;-4.397391e+000;-8.711402e+000;-7.242248e+000;-1.793381e+001;-2.195531e+001;-1.944903e+001;-7.117876e+000;1.016446e+001;-9.936619e-001;4.546719e-001;-2.079483e+000;3.570611e+000;-4.669886e+000
62;0.621406;5.902224e+000;-1.374008e+000;-3.040877e+000;2.401017e-001;-1.506436e+000;-1.311183e+001;-2.747162e+001;-2.832152e+001;-2.242194e+001;-4.474787e+000;1.197911e+001;1.141567e+001;3.745202e+000;-2.829055e+000;-3.868694e+000;-7.737311e+000
63;0.631429;4.650727e+000;-2.719885e+000;-2.869961e+000;-3.857676e+000;-6.067450e+000;-1.912156e+001;-2.139132e+001;-1.977128e+001;-1.587434e+001;-9.368629e+000;-6.974095e+000;-6.054259e+000;1.011909e+001;9.301871e+000;-2.587974e+000;-4.811543e+000
64;0.641451;2.985280e+000;7.030869e-001;4.958684e+000;-2.059766e+000;-1.874984e+001;-1.453766e+001;-1.476714e+001;-1.872862e+001;-1.843514e+001;-4.987697e+000;-5.700855e+000;-9.881391e+000;6.486377e+000;9.339356e+000;-4.290846e+000;-8.314092e+000
65;0.651474;9.455255e-001;1.123827e+001;1.870529e+000;1.794554e+000;-7.507650e+000;-1.194256e+001;-1.586459e+001;-1.395594e+001;-5.492870e+000;-1.674985e-001;-1.220000e+000;-5.418173e+000;7.900899e+000;5.639860e+000;-3.671577e-001;-3.075144e+000
66;0.661497;-6.357884e+000;1.369522e+001;3.689056e+000;1.143465e+001;2.752282e+000;2.451934e+000;-8.691080e+000;7.559537e-001;-4.424774e+000;5.376663e+000;-1.097412e+000;4.150536e+000;-2.154612e+000;2.060715e+000;3.513348e+000;1.681093e+000
67;0.671519;-1.025161e+001;1.047223e+001;-5.839015e+000;5.802961e+000;4.935959e+000;4.551608e+000;-1.522303e+001;5.738086e+000;-2.678692e+000;4.207519e+000;-9.523887e-001;1.523692e+000;3.612111e+000;-1.295156e+000;6.717429e+000;-2.356896e+000
68;0.681542;-1.437002e+001;1.131860e+001;-2.324280e-001;4.145321e+000;6.577924e+000;2.794802e+000;-5.195862e+000;-1.068664e+001;-3.547066e+000;-3.198451e+000;-1.671811e+000;6.263706e-001;-1.033421e+000;-5.408837e+000;5.868770e+000;-2.741529e+000
69;0.691565;-1.289727e+001;1.192274e+001;-2.945352e+000;6.764625e+000;1.214988e+001;6.481308e+000;7.000308e+000;-1.437276e+000;-6.121133e+000;1.202085e+000;-1.545944e+000;-2.076660e+000;6.466184e+000;1.958719e+000;-2.169942e+000;1.220574e+000
70;0.701587;-1.190402e+001;1.054733e+001;-2.812017e+000;6.391089e+000;3.331563e+000;-6.363824e+000;-6.957724e-001;6.743730e+000;1.268215e+000;5.049515e+000;-3.181785e+000;-2.504511e+000;-3.426728e+000;4.829133e-002;-2.839668e+000;6.410750e-001
71;0.711610;-1.674034e+001;1.089069e+001;-3.373362e+000;-8.138086e-001;-2.283416e+000;-3.083149e+000;-7.278988e+000;-6.160157e+000;-1.306809e+001;-9.589234e+000;-3.056839e-001;-3.987709e+000;-7.925354e+000;-9.890461e+000;5.287694e+000;6.778191e+000
72;0.721633;-1.129346e+001;1.175465e+001;2.460918e-001;2.859091e+000;8.342616e-002;-3.838880e+000;-3.884779e+000;3.350527e-001;-1.032572e+001;-1.267795e+001;-5.162260e+000;-1.242480e+001;-4.163958e+000;-3.424538e+000;2.211193e+000;2.148342e+000
73;0.731655;-5.886867e+000;1.361479e+001;9.565929e+000;5.398123e+000;-1.537511e-001;-6.743122e+000;-1.671414e+001;1.088636e+000;7.708327e-002;-8.150789e+000;-4.844051e+000;8.891286e-001;9.008106e+000;1.139156e+001;4.497979e-001;-1.725541e-001
74;0.741678;3.365093e+000;1.207827e+001;9.680548e+000;9.280478e+000;-4.806341e+000;-2.305041e+000;-8.065357e+000;-1.071043e+001;-1.150443e+001;-1.354862e+001;-1.100494e+000;2.490319e+000;1.121175e+001;1.238895e+001;2.761481e-002;-6.618357e-001
75;0.751701;8.053987e+000;1.139055e+001;6.134226e+000;7.656549e+000;-5.309894e+000;4.070136e+000;-5.128634e+000;-8.059510e+000;-4.619515e+000;-9.350309e-001;4.320287e+000;3.050908e+000;4.531511e+000;4.826754e+000;-1.753569e+000;-1.147152e+000
76;0.761723;8.076550e+000;1.392816e+001;4.522390e+000;9.306282e+000;4.808071e+000;-1.637606e+000;3.414853e+000;-1.598613e+001;-3.067368e+000;-7.319536e+000;1.023816e+001;1.354302e+001;4.221238e+000;3.478926e+000;5.706559e-001;-1.226110e+000
77;0.771746;1.257361e+001;1.446572e+001;7.939981e+000;4.729669e+000;5.140266e+000;4.631100e+000;-4.699349e-001;-1.957259e+000;-3.293502e+000;-1.051126e+000;1.097378e+000;5.409826e+000;3.685979e+000;3.697638e+000;2.090834e+000;8.487360e-001
78;0.781769;1.016078e+001;2.343506e+001;-2.222000e+000;-1.127416e-001;1.327570e+001;1.097138e+000;1.574259e+000;-9.362378e+000;4.282015e+000;6.413473e+000;-5.001633e+000;-2.843694e-001;6.569101e+000;-3.926184e+000;1.888825e+000;1.400503e+000
79;0.791791;7.826781e+000;2.301321e+001;3.095068e+000;-4.251171e+000;1.206417e+001;3.258593e+000;-1.776905e+000;-4.128199e+000;-8.487574e+000;-3.615677e+000;-8.129978e+000;-3.618153e+000;-2.599200e-001;-1.627451e+000;-3.707950e-001;-3.747882e+000
80;0.801814;1.152720e+001;1.615280e+001;5.569918e+000;4.991522e+000;1.019924e+000;2.322793e+000;-2.205546e+000;-6.308112e-002;-2.971029e+000;-2.291730e+000;-5.281456e-002;8.681649e+000;9.173979e+000;3.238370e+000;1.403852e+000;-8.124052e-001
81;0.811837;1.070721e+001;1.246981e+001;9.581159e+000;5.779856e+000;1.309679e+001;5.862394e+000;-2.686248e+000;1.328923e+001;2.700402e+000;6.018912e-001;3.593062e+000;9.692198e+000;-6.608597e+000;1.047314e+001;-2.028512e+000;-1.586970e+000
82;0.821859;1.553584e+001;1.264730e+001;8.044394e+000;8.386604e+000;6.701666e+000;7.725779e+000;5.603969e+000;7.024304e+000;3.776081e+000;5.022451e+000;3.728741e+000;4.542537e+000;4.029942e+000;3.262573e+000;2.012036e+000;6.951608e-001
83;0.831882;1.853389e+001;1.252372e+001;6.285172e+000;1.041061e+001;6.175248e+000;7.719099e+000;5.507714e+000;6.961576e+000;5.695092e+000;5.047695e+000;3.994707e+000;4.735056e+000;2.398550e+000;3.203065e+000;6.645023e-001;1.087068e+000
84;0.841905;8.882816e+000;1.774501e+001;1.106553e+001;4.635348e+000;3.961227e+000;4.129928e+000;1.320522e+001;1.979650e+000;-2.759899e+000;9.194751e+000;-1.890696e+000;9.581605e+000;5.321322e+000;7.820763e+000;2.528469e+000;-3.692883e-001
85;0.851927;1.169372e+001;1.328235e+001;9.270094e+000;6.318241e+000;8.217993e+000;6.332894e+000;7.602290e+000;4.394787e+000;2.628267e+000;4.609449e+000;2.759056e+000;3.520786e+000;1.602688e+000;3.431525e+000;4.259696e+000;3.150217e+000
86;0.861950;8.791529e+000;1.212878e+001;7.322000e+000;2.680294e+000;1.730403e+001;-2.074661e+000;1.919957e+000;-4.988720e+000;-2.006810e+000;1.138996e+001;8.694446e-001;7.556079e+000;1.097743e+001;4.709842e+000;-2.225905e+000;-1.234814e+000
87;0.871973;8.980913e+000;1.381505e+001;7.333364e+000;8.281498e+000;8.787637e+000;-2.878918e+000;-4.953229e+000;-7.902071e+000;-2.580763e+000;6.264225e+000;5.859032e+000;1.276744e+001;9.727472e+000;9.548640e-001;-5.445871e+000;-8.239004e-001
88;0.881995;4.379433e+000;4.274218e+000;1.233659e+001;1.184148e+001;6.695343e-001;-8.854247e+000;-1.003004e+001;2.338558e+000;4.083501e+000;-1.633034e+000;-5.769794e+000;9.356273e+000;9.877268e+000;5.727705e+000;-4.911010e+000;-6.160616e+000
89;0.892018;7.147472e+000;5.273634e+000;9.906761e+000;1.657941e+001;-3.578661e+000;-4.064623e+000;-2.362927e+000;-1.372141e+000;1.732830e+000;-1.562100e+001;-9.112635e+000;9.424107e+000;1.435482e+001;5.585954e+000;-2.568250e+000;-5.136137e+000
90;0.902041;8.395022e+000;4.862315e+000;8.576948e+000;1.110214e+001;9.020531e-001;-9.639895e+000;4.004991e+000;-7.845418e+000;8.152197e-002;-1.186686e+001;1.262426e+000;5.829175e+000;6.832839e+000;3.920683e+000;-1.941906e+000;-3.325410e+000
91;0.912063;6.762205e+000;2.404896e+000;5.717123e+000;7.297856e+000;-9.757109e-002;-7.973630e+000;-1.974690e+000;-6.063279e+000;-2.586098e+000;-3.843495e+000;4.578106e+000;8.940599e+000;5.064686e+000;4.683284e+000;-2.710988e+000;-5.333379e+000
92;0.922086;7.622899e+000;1.876135e+000;2.660011e-001;7.841548e-001;-3.472213e+000;-3.906249e+000;-1.845948e+000;-7.073630e+000;-2.230180e+000;4.087934e+000;3.823142e+000;6.450927e+000;9.458285e+000;7.945869e+000;-3.199385e+000;-1.932491e+000
93;0.932109;3.650423e+000;-4.613601e-001;-2.710737e+000;1.973337e+000;-7.657234e+000;-1.252958e+001;-9.687819e+000;-6.097077e+000;-7.231455e+000;3.127575e+000;1.384232e+001;-2.013329e-002;1.333589e+001;6.929922e+000;-1.495175e+000;-3.918302e+000
94;0.942132;4.241395e+000;-1.936994e+000;-2.940893e+000;-1.046354e+001;-1.085311e+001;-1.288462e+001;-1.336169e+001;-7.824708e+000;-3.238025e+000;6.871856e+000;1.339310e+001;9.126189e+000;6.135548e+000;3.420890e+000;2.012657e+000;-2.699722e+000
95;0.952154;5.128444e+000;-4.012467e+000;6.875060e-002;-9.342052e+000;-8.472534e+000;-1.605637e+001;-1.202877e+001;-4.409812e+000;-7.051091e+000;3.663736e+000;1.390247e+001;4.653200e+000;2.420061e+000;1.194684e+001;1.555018e+001;9.849856e-002
96;0.962177;3.560066e+000;-5.938097e+000;-5.979996e+000;-7.897357e+000;-1.188028e+001;-1.592184e+001;-5.355964e+000;-1.234952e+001;-4.598160e+000;7.957608e+000;2.847156e+001;2.471635e+001;1.025468e+001;1.486430e+001;1.791045e+001;8.400804e+000
97;0.972200;4.739895e+000;-1.974250e+000;-5.732513e+000;-8.452964e+000;-6.917138e+000;-7.914887e+000;-1.098461e+001;-1.209034e+001;-3.961879e+000;1.838746e+001;1.495677e+001;1.665402e+001;6.825477e+000;1.152971e+001;8.782482e+000;8.963858e+000
98;0.982222;5.457444e+000;-4.407003e+000;-4.124712e+000;-6.430948e+000;-1.016248e+001;-1.118421e+001;-1.148542e+001;-1.322689e+001;-4.402711e+000;2.224312e+001;1.353019e+001;3.800406e+000;8.650864e+000;3.719411e+000;8.387019e+000;1.004773e+001
99;0.992245;7.426238e+000;-3.089476e+000;5.802045e-001;-1.832694e+000;-5.059411e+000;-4.424397e+000;-1.295831e+001;-1.275646e+001;-2.610433e+000;1.422513e+001;1.463715e+001;1.670607e-001;6.702402e+000;-8.730419e-001;7.321816e+000;6.375479e+000
100;1.002268;9.883957e+000;-2.000394e-001;1.042417e+000;-2.090343e+000;1.890301e-001;-3.715303e-001;-6.768844e+000;-1.187086e+001;-7.062289e+000;1.459814e+001;6.562140e+000;1.266239e+000;6.761392e+000;1.691310e+000;2.482572e+000;5.787203e+000
101;1.012290;8.516630e+000;1.218012e-002;-3.099334e+000;2.474012e+000;3.758118e+000;-3.339942e+000;-1.430775e+001;-7.535501e+000;-6.016204e+000;5.424447e+000;1.084313e+001;1.492587e+001;1.793036e+000;3.816789e+000;-2.373431e+000;5.711387e-001
102;1.022313;6.403255e+000;6.859105e-001;-7.892617e+000;-2.393619e+000;-4.939440e+000;-6.336107e+000;-1.177738e+001;-1.678823e+001;-1.101989e+001;-6.909607e+000;1.554996e+001;7.943280e+000;5.335441e+000;-4.120618e+000;-1.411762e+000;5.735402e-002
103;1.032336;5.879388e+000;-7.947620e-001;-6.149109e+000;-4.044527e+000;-3.937177e+000;-4.070091e+000;-1.370714e+001;-6.415124e+000;4.387860e+000;-8.459998e-001;1.144886e+001;2.713638e+000;-5.088812e+000;-2.585746e+000;3.121526e+000;-2.323200e+000
104;1.042358;6.928422e+000;6.723775e+000;-9.435061e+000;3.135938e-001;-1.474120e+001;-3.832054e+000;-1.122850e+001;-1.889839e+000;-1.702000e+000;-6.380635e+000;-3.395447e+000;-8.115381e-001;-4.746535e+000;-6.763238e+000;-6.252763e+000;-6.843826e+000
105;1.052381;9.868045e+000;6.560635e-001;-4.648569e+000;2.306878e-002;-2.195173e+000;-2.862396e+000;-7.174342e+000;-6.546926e+000;-1.204930e+000;1.047879e+001;1.221775e+000;-6.436875e-001;-8.694947e+000;-1.369652e+001;-5.554832e+000;-3.422472e+000
106;1.062404;9.005189e+000;5.662560e-001;-5.704710e+000;-7.573522e-001;-2.636233e+000;5.779309e-001;-2.341359e+000;-1.502204e+000;-1.324081e+000;3.511309e+000;1.149826e+001;1.142929e+000;1.454162e+000;-9.183521e+000;-3.073763e+000;-2.125535e+000
107;1.072426;7.630439e+000;4.649694e+000;-4.355896e+000;-1.680467e+000;-6.455851e+000;-4.533267e+000;-6.500528e+000;5.339777e+000;5.666428e+000;1.992952e+000;6.109866e+000;6.545469e-001;4.108773e+000;3.427441e+000;-2.454028e+000;-4.580794e-001
108;1.082449;1.351380e+001;1.872179e+000;-2.153208e+000;-5.146806e+000;-3.188904e+000;-5.867483e+000;-1.160284e+001;5.377822e+000;1.140493e+001;2.671383e-001;1.001911e+001;3.105553e+000;1.096775e+000;-6.176905e+000;4.641021e+000;4.511784e+000
109;1.092472;1.169660e+001;6.972383e+000;-2.845487e+000;-2.589832e+000;-6.828143e+000;-1.551878e+000;-8.011654e+000;-9.732808e-001;-3.258023e+000;-6.941366e+000;-8.908121e-001;-4.796722e+000;-3.425963e+000;-6.003826e+000;-8.790951e+000;-5.794904e+000
110;1.102494;1.427859e+001;5.564403e+000;-1.664845e+000;8.157812e-001;9.265325e-001;1.954612e+000;5.060331e+000;5.239285e+000;-1.165999e+001;-1.159632e+001;-5.570768e+000;-3.122762e+000;-5.360291e+000;-3.955057e+000;-4.599211e+000;-3.447533e+000
111;1.112517;1.283898e+001;8.434036e+000;-2.856996e+000;8.438797e-001;4.940155e+000;2.428712e+000;3.778763e-001;9.531977e-001;-7.069367e-001;-1.008292e+001;-3.672202e+000;-1.352370e+000;-3.252429e+000;8.082390e-001;-5.001072e+000;-8.738319e-001
112;1.122540;1.208590e+001;9.704057e+000;2.722099e+000;4.529548e+000;1.868592e+000;-3.973572e+000;3.196616e+000;-1.281944e+000;-4.965279e+000;1.431490e-002;-4.003478e+000;2.580673e+000;1.229908e+001;8.425497e+000;1.776412e+000;1.309318e+000
113;1.132562;1.600363e+001;7.453929e+000;4.326123e+000;2.336891e+000;3.184425e+000;3.361333e+000;-2.373919e+000;-8.299597e+000;-6.707582e+000;-2.526902e+000;2.030265e+000;4.805429e+000;8.751795e+000;8.569633e+000;3.417728e+000;-1.735935e+000
114;1.142585;1.681434e+001;7.643051e+000;2.293021e+000;3.359669e+000;3.725320e+000;5.673487e+000;-6.250895e+000;-7.602109e+000;-2.283954e+000;-6.485949e+000;1.511966e+000;4.870620e+000;4.232110e+000;1.014706e+001;2.147336e+000;-4.867283e-001
115;1.152608;1.502580e+001;9.627562e+000;2.174332e+000;3.533164e+000;2.548742e+000;8.260989e-001;-5.058974e+000;-4.925023e+000;9.422302e-001;-1.480178e+000;3.013856e+000;1.244324e+000;-3.864252e+000;1.492010e+000;2.103475e+000;1.785965e+000
116;1.162630;1.607434e+001;5.381679e+000;8.234561e+000;6.098203e+000;3.290645e+000;2.406900e+000;-4.316809e+000;-3.129966e+000;-7.788496e+000;-3.763636e+000;-6.422557e-001;4.897847e+000;4.145772e-001;-4.811741e-001;1.307358e+000;3.918958e+000
117;1.172653;1.488785e+001;4.720142e+000;7.719633e+000;6.654049e+000;4.494507e+000;-2.501384e-001;-2.456589e+000;-6.375337e+000;-1.024545e+001;-3.639090e+000;1.005300e+000;9.691050e+000;8.618946e+000;3.257515e+000;-5.696271e-001;1.016207e+000
118;1.182676;8.098572e+000;4.287643e+000;1.157924e+001;1.253372e+001;-3.978578e+000;2.774076e+000;-2.741369e+000;-1.059301e+001;-2.806027e+000;-9.207536e-001;2.691662e+000;-1.456735e+000;4.089593e+000;6.578747e+000;5.287259e+000;-1.446038e+000
119;1.192698;8.235034e+000;3.998549e+000;6.547356e+000;2.331709e+000;-7.105734e+000;-4.693293e+000;9.676849e-001;-1.392173e+001;6.898299e+000;1.398413e+001;2.774910e+000;-5.086061e+000;-3.915283e+000;6.567256e+000;3.202925e+000;-8.117193e+000
120;1.202721;5.570119e+000;2.249362e+000;-5.386370e+000;-3.947470e+000;-8.133354e+000;-7.443648e+000;-8.648095e+000;-7.099672e+000;1.707948e+001;1.289293e+001;3.126361e+000;-1.839864e-001;-8.850632e-001;-1.952480e+000;-1.110679e+000;-6.084260e+000
121;1.212744;2.337242e+000;-1.009613e-001;-1.687925e+000;-3.328891e+000;-9.990720e+000;-7.074691e+000;-2.762360e+000;4.856037e+000;7.775958e+000;1.380543e+001;9.839626e+000;9.394384e+000;6.710574e+000;-1.779334e+000;-8.097705e+000;-9.155948e+000
122;1.222766;2.590030e+000;-4.266986e+000;1.623453e+000;-4.004483e-001;-1.576653e+001;-2.619864e+000;-6.485425e+000;5.706552e+000;1.009855e+001;1.738133e+001;9.399930e+000;1.209621e+001;7.342033e+000;-3.989223e+000;-1.068689e+001;-6.282316e+000
123;1.232789;2.818301e+000;-6.110982e+000;3.912688e+000;-6.997896e-001;-9.691391e+000;-1.028505e+001;1.403568e+000;5.500146e+000;1.693742e+001;9.244304e+000;3.723547e+000;1.032661e+001;4.136974e+000;8.633835e+000;-1.142080e+001;-1.247952e+001
124;1.242812;3.285987e+000;-1.607683e+000;-3.372241e+000;2.869954e-001;-3.802331e+000;-5.811665e+000;-2.194180e+000;-2.067945e+000;8.541481e+000;2.079630e+001;1.051621e+001;4.171154e+000;1.065889e+001;1.064049e+000;-1.248599e+001;-8.938923e+000
125;1.252834;7.735415e+000;3.422835e-001;-2.218582e+000;-5.744032e+000;-8.596610e+000;-1.287699e+001;-1.664067e+001;-9.343602e+000;-8.358637e-001;1.306741e+001;5.443699e+000;-3.550594e+000;-5.393179e+000;-3.258313e+000;-4.299405e+000;-5.566219e+000
126;1.262857;6.767424e+000;3.433331e+000;9.445678e-001;-1.126789e+000;-9.283507e+000;-5.929646e+000;-5.786900e+000;-8.184308e+000;5.376183e+000;1.100091e+001;3.070490e+000;1.435455e+000;1.330397e+001;8.632706e+000;-8.243063e-001;-2.986870e-001
127;1.272880;9.742874e+000;7.717204e+000;8.810072e+000;9.990441e+000;1.617519e+000;-2.218803e-001;8.323654e+000;1.959751e-001;5.223705e+000;6.787129e+000;9.779150e-001;1.401570e+000;1.091064e+001;8.686853e+000;-5.878170e+000;-6.518750e+000
128;1.282902;9.639292e+000;9.328870e+000;5.941257e+000;5.805526e+000;-7.341757e+000;-3.510269e+000;-7.203884e+000;5.871487e+000;1.306689e+001;9.154021e+000;-3.685510e+000;1.342371e+000;1.290926e+001;3.505333e+000;-6.229741e+000;-1.429354e+000
129;1.292925;6.351072e+000;1.096856e+001;1.071853e+001;1.156277e+001;7.401589e+000;3.567151e+000;-1.782734e+000;3.978288e+000;1.168482e+001;6.109008e+000;-5.256316e+000;3.781868e+000;9.806520e+000;4.080938e+000;1.469226e+000;1.523527e+000
130;1.302948;1.183450e+001;8.872073e+000;1.345791e+000;3.343227e+000;-1.348723e+000;-2.035997e+000;8.682595e+000;1.366362e+001;1.221086e+001;4.924339e+000;8.517243e+000;1.118998e+001;4.152952e+000;1.073926e-002;1.683265e+000;-1.384234e+000
131;1.312971;8.897381e+000;4.338202e+000;-2.448493e-002;3.611895e+000;2.259391e-001;-2.474478e+000;1.896431e-001;6.033783e+000;1.208956e+001;6.606746e+000;1.285180e+001;1.119144e+001;1.128495e+001;-2.099651e+000;-9.562030e-001;-8.579380e+000
132;1.322993;8.226204e+000;5.672508e+000;-2.596759e+000;2.311133e-001;1.904000e+000;-2.276026e+000;-1.397858e+001;-1.546491e+000;2.045120e+001;4.147675e+000;5.350049e+000;4.330638e+000;6.516970e+000;-2.322819e+000;3.962415e+000;-7.052071e+000
133;1.333016;5.253058e+000;-3.914847e-001;-1.350503e+000;5.220864e+000;7.621687e-001;-3.528159e+000;-1.387440e+001;-3.799560e-001;2.067643e+001;9.987298e+000;9.727027e+000;6.747126e+000;2.200311e+000;8.512288e+000;3.761493e+000;-2.199137e+000
134;1.343039;4.365703e+000;-4.425304e-001;3.133250e+000;7.473324e+000;9.298923e+000;-4.945625e+000;-1.282920e+001;-1.380531e+000;2.245051e+001;1.180963e+001;-7.896790e-001;1.841802e+000;6.978998e+000;3.826073e+000;3.320763e+000;-4.487722e+000
135;1.353061;3.077379e+000;2.672316e+000;-2.497272e+000;3.554136e+000;2.901179e+000;-9.979119e+000;-1.804123e+001;-4.272250e+000;2.734536e+001;1.759162e+001;3.924089e+000;5.940778e+000;1.321758e+001;8.834555e+000;-3.579945e+000;-3.549915e+000
136;1.363084;8.347805e+000;5.499846e+000;-3.969848e+000;-7.668732e-001;-2.307643e+000;-8.759614e+000;-1.121555e+001;-4.111075e+000;8.971127e+000;1.768163e+001;1.497434e+001;9.041581e+000;1.383744e+001;7.970243e+000;-7.052288e+000;-6.309004e+000
137;1.373107;3.495812e+000;-2.139762e+000;-3.487833e+000;-4.565378e+000;-7.026025e+000;-2.005918e+001;-2.182121e+001;2.387132e+000;1.200043e+001;2.319945e+001;3.145323e+001;6.053509e+000;1.302623e+001;1.257793e+001;-3.758185e+000;-1.030471e+001
138;1.383129;2.845558e+000;1.472194e+000;-1.722234e+000;-3.497929e+000;-1.698401e+001;-1.659263e+001;-1.847978e+001;-7.344942e-001;1.049787e+001;1.733010e+001;1.067987e+001;2.216900e+000;9.944489e+000;7.443554e+000;-9.675850e-002;-5.178520e+000
139;1.393152;-2.759863e+000;-4.068015e+000;-3.100071e+000;5.378236e+000;-1.680012e+000;-1.058987e+001;-9.886694e+000;-7.457540e+000;8.429516e+000;2.596119e+000;1.300916e+001;6.734818e+000;5.968329e-001;8.119440e+000;3.986263e+000;3.333051e+000
140;1.403175;-7.535168e+000;-6.312132e+000;-1.185240e+001;7.470804e+000;7.274094e+000;3.729839e+000;2.787973e+000;1.259138e+001;-3.593771e+000;-4.129294e-001;6.848035e+000;1.386363e+001;7.307509e+000;6.167991e+000;3.050737e+000;-5.151394e+000
141;1.413197;-1.097966e+001;-8.239507e+000;-1.240454e+001;8.841446e+000;1.050821e+001;-4.408152e-001;-7.175076e+000;5.587183e+000;1.108580e+001;6.503451e+000;-2.178206e+000;8.565565e+000;6.229088e+000;2.597715e+000;2.388093e+000;-2.229357e+000
142;1.423220;-4.356524e+000;-6.714828e+000;-6.994156e+000;5.616962e+000;7.648458e+000;-7.205996e+000;-1.977504e+001;3.201449e+000;1.564886e+001;9.323647e+000;3.831147e+000;6.011426e+000;7.055219e+000;-5.716330e+000;-4.997300e+000;3.730691e+000
143;1.433243;3.985252e+000;-8.160387e-001;-9.030942e+000;1.842955e+000;6.060882e+000;-3.670846e+000;-1.210098e+001;-1.222699e+001;-1.617691e+000;-1.285485e+001;-2.060929e+000;-3.211668e+000;1.283730e+001;-2.633859e+000;-2.001428e+000;5.580298e+000
144;1.443265;8.391828e+000;6.320284e+000;-5.563703e+000;7.903339e+000;6.907870e-001;-2.535328e+000;-2.343785e+000;-4.625430e+000;2.236890e+000;-3.149220e-001;7.519845e+000;-1.473570e+000;-5.110812e-001;-6.899809e-001;-1.576104e+000;-6.829647e-001
145;1.453288;6.379299e+000;-1.667878e+000;-2.274683e+000;-6.694582e-001;-6.529729e-001;7.931923e+000;1.164855e+001;-7.424043e-001;-7.136372e+000;1.909643e+000;5.589936e+000;-4.028190e-001;-6.780815e+000;-1.338485e+001;-5.369116e+000;7.529142e-001
146;1.463311;-7.881588e-002;-5.937690e+000;-7.859828e+000;-3.955289e+000;4.979323e+000;2.019606e+001;1.469065e+001;-3.403819e+000;-1.493434e+001;-7.730981e+000;-1.106130e+000;-2.793605e+000;-3.629691e+000;-1.303221e+001;2.586304e-001;3.386796e+000
147;1.473333;8.166454e-001;-5.418303e+000;-7.687204e+000;-6.279177e+000;-6.873830e-001;1.492816e+001;4.016369e-001;-1.606347e+001;-2.708052e+000;-6.054810e+000;-5.689322e+000;2.727160e+000;-9.545636e+000;-1.007634e+001;9.742540e-001;6.149644e+000
148;1.483356;5.943882e-001;-8.483675e+000;-1.279462e+001;-9.803774e+000;3.968511e+000;1.236769e+001;-3.012414e+000;-1.620985e+001;2.466688e+000;3.784470e-002;-5.319359e+000;8.391493e+000;-3.863630e+000;-6.910769e+000;2.421774e+000;4.945352e+000
149;1.493379;2.144306e+000;-4.381691e+000;-1.178415e+001;-1.660436e+001;-7.283764e+000;1.024932e+001;1.123495e+001;-1.086512e+001;-3.530309e+000;5.601093e+000;-7.822848e+000;-1.010331e+001;2.519504e-001;-3.912708e+000;-1.521025e+000;-7.096989e-001
150;1.503401;5.407561e+000;-3.785127e+000;-7.857542e+000;-1.168956e+001;-5.179025e+000;9.619598e+000;6.346322e+000;-4.120428e+000;-7.088118e+000;-3.428748e-002;-1.455676e+001;-1.606409e+001;-9.871409e+000;-4.087698e+000;-1.501577e+000;-1.145394e+000
151;1.513424;5.195580e+000;-4.840216e+000;-5.762430e+000;-7.755857e+000;-5.656892e+000;1.056900e+001;6.361810e+000;-9.507884e-001;-2.511683e+000;-9.588379e+000;-1.827097e+001;-1.469471e+001;-1.255502e+001;-5.619696e+000;-1.265055e+000;2.436856e+000
152;1.523447;3.987806e+000;-2.909991e+000;-4.174004e+000;-9.211036e+000;-5.438959e+000;8.616977e+000;1.023528e+001;-1.718840e+000;-1.461293e+000;2.361412e+000;-1.197501e+001;-1.738526e+001;-1.475500e+001;-6.020454e+000;-2.003005e-001;4.448653e-001
153;1.533469;4.098629e+000;-4.394523e-001;-7.364223e+000;-5.256552e+000;-2.895084e+000;1.131149e+001;1.505914e+001;8.273109e+000;6.243373e+000;2.772833e-002;-1.189588e+001;-1.738498e+001;-1.490668e+001;-9.895191e+000;-4.273067e+000;-1.922674e+000
154;1.543492;7.070837e+000;2.377081e+000;-1.176209e+000;5.373789e-001;2.616688e-001;1.221692e+001;1.012547e+001;3.592521e+000;8.092786e+000;3.175881e+000;-5.608807e+000;-1.034203e+001;-1.560378e+001;-1.046625e+001;-6.570455e+000;-1.783257e+000
155;1.553515;1.676320e+000;9.649816e+000;-3.072378e+000;7.843678e+000;4.647593e+000;5.980540e+000;1.510705e-001;7.113098e-001;-5.532655e+000;9.476911e+000;8.389544e+000;-1.315026e+001;-1.060604e+001;-9.405553e-001;3.222014e+000;7.615320e+000
156;1.563537;-4.206985e+000;1.281015e+001;1.916388e+000;-1.038783e+000;9.197458e+000;9.821995e+000;9.741229e+000;1.980693e+001;-9.781766e+000;7.373254e+000;8.368814e+000;-8.532296e+000;5.068904e-001;-3.730452e+000;-1.642548e+000;9.294027e+000
157;1.573560;-8.403686e+000;9.148838e+000;-3.111178e+000;-1.833929e+000;-2.906754e+000;-5.908241e+000;-3.393408e+000;1.728006e+001;-5.886481e+000;1.261143e+001;5.828160e+000;1.380673e+000;4.922041e+000;8.203546e+000;3.740403e+000;5.581907e+000
158;1.583583;-9.583192e+000;1.242920e+001;-4.097151e+000;-4.791126e+000;1.022881e+001;5.757393e+000;6.152355e+000;1.327870e+001;6.470754e+000;5.267317e+000;-1.720383e+001;-3.489665e+000;-2.317359e+000;-3.613518e+000;9.049953e-001;1.801333e-001
159;1.593605;-1.678823e+001;8.182323e+000;3.308690e-001;-1.594158e-001;4.458932e+000;-7.924813e+000;-1.070533e+001;-4.245253e-001;-1.915281e-001;3.296798e+000;-7.215705e+000;8.632786e+000;7.652901e+000;7.281929e-001;2.266723e+000;-6.104884e+000
160;1.603628;-1.539573e+001;3.619470e+000;-1.733312e+000;-4.730939e+000;-6.188053e+000;2.442840e+000;3.004217e-001;5.519624e+000;-8.461547e+000;3.259506e+000;-1.044352e+001;7.627951e+000;6.316221e+000;3.356197e+000;3.889364e+000;-5.576463e-002
161;1.613651;-1.394550e+001;5.487610e+000;-9.009308e+000;-6.967080e+000;-6.231066e+000;4.150904e+000;4.416647e+000;4.347995e-002;-1.995788e+001;6.039416e-001;-4.880998e-001;1.835524e+000;9.696177e+000;1.467828e+000;6.842712e+000;6.684016e+000
162;1.623673;-1.531616e+001;7.688677e+000;-2.865356e-001;-4.081220e+000;-4.150691e+000;-7.808322e-001;5.222208e+000;7.372745e+000;-1.950434e+001;6.570650e+000;-9.036213e+000;-1.276517e+000;-7.742008e-001;-3.226008e+000;4.360135e+000;3.221696e+000
163;1.633696;-1.222499e+001;5.617065e+000;-8.579814e+000;-3.389094e+000;-1.642809e+000;2.129460e+000;5.719622e+000;1.629681e+001;5.958124e+000;8.003384e+000;-8.931587e+000;-7.406823e+000;-1.040168e+001;-5.845346e+000;-2.777638e+000;1.637845e-002
164;1.643719;-1.281159e+001;3.051962e+000;-7.786267e+000;-2.514013e+000;1.280536e+001;7.041569e+000;-6.644982e+000;9.583720e+000;5.437057e+000;-7.133950e+000;-3.796052e+000;-2.809070e+000;-1.303843e+001;1.609516e+000;-7.311706e+000;-2.532231e-001
165;1.653741;-3.972245e+000;1.040531e+001;-4.232367e+000;-8.073303e+000;-6.428835e-002;1.182179e+000;-4.703690e+000;5.483389e+000;-1.984032e+000;4.030558e+000;2.158637e+000;-9.725002e+000;-4.217674e+000;9.811702e+000;7.148281e+000;2.384984e+000
166;1.663764;5.522768e+000;1.453958e+001;-1.940331e+000;9.926641e-001;-3.202056e+000;7.384627e-001;-8.267205e+000;-7.796284e+000;-1.013462e+001;3.651215e+000;2.366560e+000;2.435659e+000;5.393367e+000;-4.756563e+000;8.923056e-001;-1.663710e+000
167;1.673787;1.050351e+001;6.832968e+000;2.897187e+000;-1.323508e-001;5.990655e-001;-3.499028e+000;-6.158420e+000;-4.978738e+000;-1.137296e+001;-4.111674e+000;1.488034e+001;2.080186e+001;1.027746e+001;-1.839170e-001;-1.157734e+000;5.299667e-001
168;1.683810;9.113980e+000;8.157119e+000;3.432035e+000;-4.857173e+000;-4.785319e+000;-1.169892e+000;-4.842788e+000;-7.061473e+000;-2.030393e+000;-3.559807e-002;6.900639e+000;2.279301e+001;8.353339e+000;-3.565531e+000;6.649835e-001;3.876881e+000
169;1.693832;9.218091e+000;7.870402e+000;-2.571775e-001;-1.759323e+000;-4.247272e+000;-3.668772e+000;-9.243214e+000;-8.827389e+000;-5.048083e+000;9.210883e-001;1.405186e+001;2.008427e+001;1.009359e+001;-3.402560e+000;4.372365e+000;2.471040e+000
170;1.703855;5.425555e+000;9.750927e+000;-1.320580e+000;-6.478201e+000;-2.681464e+000;-7.658255e+000;-8.105045e+000;-7.529778e+000;-5.775587e+000;4.318394e+000;1.174609e+001;1.287878e+001;6.853281e+000;2.632446e+000;1.117061e+001;1.513952e+000
171;1.713878;3.053470e+000;1.324083e+001;2.627180e+000;-1.046954e+001;3.226520e+000;-7.502995e+000;-8.050617e+000;-2.167829e+000;-8.607443e+000;2.787305e+000;-6.646238e+000;1.223116e+001;6.827642e+000;4.045143e+000;7.626169e+000;4.813393e+000
172;1.723900;-5.259729e+000;1.386035e+001;1.252927e+001;-1.100166e+000;5.741230e+000;-1.945856e+000;-8.980043e+000;3.916473e+000;-3.390888e+000;4.416321e+000;1.254475e+001;1.113135e+001;3.772157e+000;7.289725e+000;-2.198833e+000;-3.915618e+000
173;1.733923;-8.846322e+000;9.730552e+000;5.713875e+000;-1.291812e+000;7.210796e+000;1.845081e+000;-1.718654e+000;7.624907e+000;-1.080335e+001;1.413306e+001;4.054643e+000;7.454586e+000;-2.966581e-001;-5.893262e+000;4.397885e+000;2.557326e+000
174;1.743946;-1.012646e+001;7.176583e+000;-2.435374e+000;-3.925054e+000;7.033151e+000;-1.956061e+000;4.032016e+000;9.282002e+000;7.341027e-001;1.677199e+001;7.590396e+000;-3.074131e+000;-1.109722e-002;-6.079195e+000;4.514449e+000;8.209895e+000
175;1.753968;-1.485079e+001;7.294020e+000;-5.623262e+000;-5.152205e-001;8.533808e+000;3.697748e-001;7.391349e+000;8.507410e+000;8.857582e-001;1.436102e+001;2.217916e+000;4.624581e+000;7.629214e+000;-6.604820e+000;8.383340e-001;2.556721e-001
176;1.763991;-1.275442e+001;7.967196e+000;-3.600855e+000;2.517505e+000;-2.086694e-001;-7.981081e-001;9.036430e+000;7.474922e+000;-4.238410e+000;1.853662e+001;-6.953940e+000;2.935745e+000;3.468149e+000;1.102438e+000;-1.155787e+000;-2.344105e+000
177;1.774014;-1.589602e+001;2.967319e+000;-3.943895e+000;-3.482981e+000;1.218415e+000;-1.353686e+001;8.971294e-001;7.688268e+000;-6.686609e+000;9.155614e+000;-8.034516e+000;3.865678e+000;5.527722e+000;-2.137105e+000;8.097467e-001;-1.852313e+000
178;1.784036;-1.458111e+001;5.583884e+000;-4.671840e+000;-3.605769e+000;6.630719e+000;1.979709e+000;9.574604e+000;1.856103e+001;-1.459905e+001;6.114639e-001;-5.097394e+000;1.258927e+000;-4.368080e+000;-1.256750e+001;-8.821178e-002;-1.968042e+000
179;1.794059;-1.279840e+001;9.702825e+000;-2.394100e+000;-9.378754e+000;4.185744e+000;-6.873851e+000;-6.910516e+000;1.825196e+000;-8.676062e+000;1.080399e+001;2.950248e+000;8.319194e+000;7.969570e+000;-8.882516e+000;-5.673177e+000;2.008470e+000
180;1.804082;-1.329591e+001;8.368072e+000;-2.638634e+000;-7.745544e+000;8.832855e+000;-5.558964e+000;2.897882e+000;3.561236e+000;-9.593781e+000;1.087073e+001;-6.332808e+000;1.545124e+000;6.528866e+000;-7.459759e+000;-4.289910e+000;-5.537922e+000
181;1.814104;-8.139569e+000;5.405152e+000;5.961385e-002;-4.360167e+000;6.259935e+000;-1.651838e+001;-1.989951e+001;-7.363813e+000;-1.535362e+001;1.560250e+001;5.319502e+000;1.485779e+001;1.298657e+001;1.039724e+001;3.932576e+000;-5.703677e+000
182;1.824127;3.685582e+000;1.064761e+001;-2.304183e+000;-7.656737e+000;-5.209668e+000;-7.366533e+000;-1.930326e+001;-7.549059e+000;-1.023944e+001;1.257809e+001;1.317651e+001;5.344093e+000;1.006886e+001;-2.855719e+000;3.788953e+000;-1.765125e+000
183;1.834150;9.168539e+000;1.027126e+001;-2.173842e+000;-8.534187e-001;7.024387e+000;-2.979192e+000;-4.400700e+000;-6.993396e+000;-5.935254e-001;6.524060e+000;1.991975e+001;9.441245e+000;8.817750e+000;-1.575087e+000;-2.341502e+000;-5.216786e+000
184;1.844172;6.652688e+000;7.746424e+000;2.725070e-001;-3.040787e+000;-7.555670e+000;-5.531457e+000;-1.000828e+001;-8.983042e+000;1.541701e+001;1.852553e+001;1.049117e+001;-1.011260e-001;7.704727e+000;1.784465e+000;-1.973565e+000;-8.323998e+000
185;1.854195;6.689104e+000;9.131249e+000;9.234694e-001;-4.161787e+000;-4.905162e+000;-7.782251e+000;-1.137454e+001;-5.152735e+000;8.927217e+000;1.482391e+001;2.147132e+000;7.081791e+000;5.900764e+000;-6.851461e+000;-1.295146e+000;-1.207324e+001
186;1.864218;7.871512e+000;7.660253e+000;-1.869225e+000;1.044537e+000;-7.763893e+000;-7.613883e+000;-6.771420e+000;6.924103e-001;1.105122e+001;1.446825e+001;1.261224e+001;5.030775e+000;6.551022e+000;-1.916663e+000;-3.547872e+000;-5.626238e+000
187;1.874240;9.065174e+000;3.492784e+000;1.111292e+000;3.278409e+000;-1.214584e+000;4.142364e+000;7.380099e-001;-1.314784e-001;1.462618e+001;1.604010e+001;1.975898e+001;-4.326527e+000;-4.012826e-002;2.396594e+000;-2.216187e-002;-7.626877e+000
188;1.884263;7.277164e+000;5.046764e+000;7.301926e-001;1.292155e+001;1.905752e+000;9.897343e+000;-1.110299e+001;-1.139263e+001;6.479398e+000;2.642394e+001;1.346322e+001;-7.363196e-002;2.708659e+000;3.416980e-001;-1.425228e+000;-7.266289e+000
189;1.894286;1.928834e+000;8.856440e+000;4.053553e+000;1.318167e+001;1.935495e+000;8.457903e+000;2.487777e+000;-4.592559e+000;1.066715e+000;1.571918e+001;4.986185e+000;-1.456226e+000;-3.493838e+000;2.473414e+000;1.794755e-001;-7.676715e+000
190;1.904308;4.870969e+000;1.953624e+001;2.521515e+000;1.069613e+001;1.435364e+000;-1.111241e+000;5.418264e+000;3.264865e+000;7.594941e+000;7.283859e+000;-1.035845e+000;-1.503532e+001;-1.468558e+001;-8.864593e+000;-3.648659e+000;-9.857576e+000
191;1.914331;2.271694e+000;1.360059e+001;3.868956e+000;1.493102e+001;7.049247e+000;8.396949e+000;-5.569236e+000;3.630027e+000;7.491351e+000;8.750957e+000;1.558746e+000;-6.264564e+000;-1.666832e+000;-3.896652e+000;4.675083e+000;4.477828e-001
192;1.924354;1.181609e+000;8.479043e+000;1.834439e+000;1.085629e+001;9.620894e+000;1.208092e+001;7.349751e+000;8.036338e+000;4.758530e+000;1.563481e+001;9.212066e+000;-1.448645e+001;3.208833e+000;2.837781e+000;3.026747e+000;-1.827408e+000
193;1.934376;-9.961557e-001;9.538816e+000;1.049455e+001;1.941236e+001;1.914985e+001;-7.570006e-001;-4.881698e+000;1.023039e+001;1.387543e+000;7.254140e+000;6.930114e+000;2.090542e+000;1.734211e+001;1.342281e+000;2.493030e+000;7.974346e-001
194;1.944399;-2.754165e+000;8.656555e+000;5.496494e+000;1.309155e+001;1.524716e+001;6.938527e+000;3.907261e+000;7.809727e+000;1.076557e+001;6.424993e+000;3.025561e+000;2.433716e+000;1.627355e+001;9.834213e+000;5.728139e+000;7.549154e-001
195;1.954422;3.122517e+000;8.964871e+000;1.923498e+000;1.053052e+001;9.877155e+000;2.249044e+000;8.562875e+000;1.231181e+001;1.016037e+001;6.015736e+000;3.613496e-001;7.659962e+000;6.413070e+000;3.372594e+000;-2.845478e+000;7.524048e-001
196;1.964444;5.956083e-001;1.643022e+000;-4.027868e+000;5.777292e+000;1.027372e+001;4.985949e+000;4.151824e+000;1.543605e+001;7.662403e+000;1.653668e+001;2.339994e+000;-3.456182e+000;-1.310150e+000;1.864309e+000;4.789314e+000;-3.163517e-001
197;1.974467;5.880815e-001;5.696363e+000;7.853884e-001;-2.377619e+000;8.367020e+000;-2.344134e+000;-1.114699e+001;2.865714e-001;4.349277e+000;1.506476e+001;6.377430e+000;3.327686e+000;1.140392e+001;7.569312e+000;4.930561e+000;-2.368083e-001
198;1.984490;-1.616618e+000;2.383683e+000;-6.511827e+000;4.033517e+000;1.029291e+001;-8.395535e+000;-1.805145e+001;-9.310179e+000;1.291806e+000;1.192146e+001;-3.500193e+000;-1.398418e+000;2.076494e+001;7.451501e+000;-1.715706e+000;-3.309586e-001
199;1.994512;3.612546e-002;8.320707e+000;-4.957355e+000;1.234468e+000;1.666114e+001;-4.929307e+000;-1.011588e+001;-8.579864e+000;-5.730679e+000;1.832148e+001;1.874256e+000;-7.209721e+000;1.356828e+000;1.061208e+000;2.663527e+000;1.900041e+000
200;2.004535;-1.164736e+000;1.078355e+001;-2.274676e+000;-9.715068e+000;3.882166e+000;-3.309545e-001;-1.806589e+000;5.732249e-002;6.263841e+000;2.627099e+001;6.036277e+000;6.810274e+000;2.648522e+000;5.930874e+000;9.016872e+000;-3.966386e+000
201;2.014558;-2.898454e+000;9.605305e+000;7.236032e-001;-1.862087e+000;1.451067e+001;-1.728281e+000;-1.012949e+001;-1.080442e+001;-7.299948e-001;8.449460e+000;-9.050466e+000;5.402396e-001;4.423440e+000;-1.760373e-001;4.139687e+000;-4.874952e+000
202;2.024580;-2.560208e+000;2.920568e+000;9.326341e-001;4.604221e+000;1.678555e+001;-7.982703e+000;-1.150882e+001;-8.885543e+000;-1.341744e+000;1.164673e+001;-1.041445e+001;6.740863e+000;9.812255e+000;-1.775120e+000;-3.708618e-001;-7.953097e-001
203;2.034603;-3.533348e+000;2.978197e+000;-4.240106e+000;-1.738225e+000;1.502233e+001;-7.854427e+000;-3.941780e+000;-3.244428e-001;8.201332e+000;1.079084e+001;-1.003755e+001;6.448241e+000;1.415570e+001;8.068309e+000;7.385166e+000;6.519991e+000
204;2.044626;-2.354634e+000;1.161329e+000;-3.821822e-001;1.071717e+001;2.077202e+001;-4.828112e+000;-1.782338e+001;-6.928079e+000;-5.656154e-002;9.852850e+000;-6.595385e+000;-2.630662e+000;1.431761e+001;9.612702e+000;5.390615e+000;5.966849e+000
205;2.054649;-2.814159e+000;7.154927e+000;5.049014e+000;9.547499e+000;2.311961e+001;1.410110e+000;-9.078061e+000;-4.379710e+000;7.573677e+000;1.802578e+001;-5.857842e+000;-5.358574e+000;7.655476e+000;2.034515e+000;6.647254e+000;-5.605560e-001
206;2.064671;6.669492e-001;5.342160e+000;-2.670366e-001;2.254785e+000;8.652945e+000;-5.440793e+000;-8.179517e+000;5.329100e+000;-1.306874e-001;1.581190e+001;-4.060994e-002;-5.047439e+000;4.401982e+000;5.663057e+000;4.853208e+000;-2.176289e+000
207;2.074694;-1.274879e+000;7.640136e-001;-1.438751e+000;9.054263e+000;1.196819e+001;-1.673959e+001;-9.379336e+000;1.574496e+000;3.347338e+000;1.042769e+001;-4.485837e+000;-7.298039e+000;5.085481e+000;1.449605e+000;2.884750e-001;-2.169098e+000
208;2.084717;-2.614933e+000;-2.100715e+000;2.947937e+000;1.513394e+001;1.293653e+001;-6.912442e+000;-1.230861e+001;-7.475297e+000;1.046243e+001;9.651891e+000;-5.285084e+000;-2.804106e+000;5.711009e-001;-1.502855e+000;-7.351165e+000;-7.540308e+000
209;2.094739;-2.871226e+000;-1.230799e+000;-1.258502e+000;4.046771e+000;8.383272e+000;4.484279e+000;-2.565702e-001;2.782493e+000;1.155857e+001;8.351673e+000;-6.051846e+000;-1.168363e+000;1.486435e+001;1.487743e+001;5.048946e+000;-6.133859e+000
210;2.104762;-4.967446e+000;6.086091e-001;-1.313527e+000;8.832654e+000;8.521967e+000;-3.279300e+000;-2.799281e+000;8.000009e+000;8.160286e+000;9.225098e+000;-1.883526e+000;-3.246059e+000;1.158695e+001;1.396968e+001;3.636094e+000;-1.089312e+001
211;2.114785;-1.474475e+000;4.692484e-001;1.806717e-001;3.658152e+000;1.010673e+001;-2.306417e+000;-1.281597e+001;1.384568e+001;1.611366e+001;8.909521e+000;-1.836044e+001;-6.660591e+000;-7.872639e+000;3.106535e+000;2.950824e+000;-6.798849e+000
212;2.124807;-2.763932e-001;-3.144019e+000;4.185177e+000;1.684046e+001;1.516994e+001;-8.702186e-001;-1.333772e+001;1.361413e+001;2.458100e+001;1.254292e+001;-1.553658e+001;-9.744813e-001;-1.368622e+000;-9.426677e+000;9.260550e-001;-5.984865e+000
213;2.134830;-8.269684e-001;1.762720e+000;6.100963e+000;2.171940e+001;2.553960e+001;1.353787e-001;-1.274613e+001;-3.962899e+000;1.768395e+001;9.697614e+000;-1.622576e+001;-1.811205e+000;1.014469e+000;8.594982e+000;5.772770e+000;-9.426193e+000
214;2.144853;-3.823887e+000;3.530649e+000;-2.196424e+000;8.998232e+000;1.249974e+001;1.157466e+000;-4.171465e+000;-3.512049e+000;9.244778e+000;1.293132e+001;2.025315e+000;-4.959506e-001;3.519683e+000;2.349941e+000;3.296066e+000;-8.978958e+000
215;2.154875;-3.638597e+000;7.859585e-001;-5.827885e+000;1.245463e+000;3.328513e+000;-2.460022e+000;-1.735659e+000;2.412623e+000;5.251346e+000;9.717038e+000;-5.742352e+000;-1.165137e+001;-1.769451e+000;-1.135864e+001;-5.694935e+000;-1.311781e+000
216;2.164898;-1.971879e+000;6.185528e+000;3.121207e+000;1.367216e+001;1.377330e+001;-8.044201e+000;-1.171245e+001;-5.055944e+000;1.201444e+001;1.098100e+001;-2.170751e+001;-1.562319e+001;-1.001993e+001;-1.574196e+001;-9.690416e+000;-5.625803e+000
217;2.174921;-2.465437e+000;-3.715640e+000;-2.303741e+000;1.262964e+001;2.445963e+001;-3.485564e+000;-1.765180e+001;-3.535997e-001;4.240798e+000;-7.775845e+000;-2.402618e+001;7.078957e+000;1.260763e+001;-3.705428e+000;-2.587287e+000;-7.421402e+000
218;2.184943;-2.194143e+000;-2.557168e+000;-5.355777e+000;3.244527e+000;1.331899e+001;-9.097001e+000;-5.675203e+000;1.138057e+001;1.140091e+001;3.172878e+000;-1.088833e+001;-6.532667e+000;1.268019e+001;1.075710e+001;2.204882e+000;-2.038964e+000
219;2.194966;-2.783737e+000;-1.511987e+000;-1.913929e+000;1.630727e+001;2.099711e+001;5.718797e+000;-1.348916e+001;-6.803103e+000;1.369955e+001;1.755035e+001;1.548443e+000;-1.477790e+000;1.281142e+000;4.248332e+000;-4.096085e-001;-4.812922e+000
220;2.204989;-6.330100e-001;-5.851559e+000;-2.541799e+000;1.032570e+001;1.265599e+001;4.000223e+000;-1.394343e+001;6.548213e+000;2.053211e+001;7.938432e-001;-1.172843e+001;-3.488572e+000;8.991225e+000;1.111542e+001;-1.061370e+000;-3.269040e+000
221;2.215011;-6.075864e+000;-3.368313e+000;3.926003e+000;1.966382e+001;1.483605e+001;-3.221793e+000;-1.031336e+001;1.451332e+001;2.189227e+001;-4.516947e+000;-2.648710e+001;-6.452870e+000;1.592395e+001;1.057937e+001;-1.287396e+000;-5.738888e+000
222;2.225034;-5.457861e+000;-6.450048e+000;-2.607060e+000;1.092003e+001;9.956473e+000;-2.449696e+000;-6.908244e+000;1.500519e+001;2.818971e+001;1.312913e+001;-1.182100e+001;-1.547139e+001;3.584488e+000;8.373820e+000;2.465006e+000;-3.766651e+000
223;2.235057;-2.364350e+000;-3.018352e+000;-3.118578e+000;8.943021e+000;1.367696e+001;7.374193e+000;3.438393e+000;1.388623e+001;2.357132e+001;1.228342e+001;-1.959775e+000;-8.064374e-001;6.319252e+000;6.351217e+000;6.456432e+000;-5.480055e+000
224;2.245079;-3.671002e-001;-2.349615e+000;4.375229e+000;1.293433e+001;1.922097e+001;-3.310122e+000;-1.182964e+001;1.169227e+001;2.190101e+001;6.782812e+000;-5.279764e+000;-6.596212e+000;3.764948e+000;3.652415e+000;4.664324e+000;3.462430e+000
225;2.255102;-1.519172e+000;-2.117804e+000;2.841493e+000;1.506225e+001;1.737561e+001;-7.037813e+000;-1.935656e+001;6.728331e+000;1.833950e+001;2.869677e+000;-5.832559e+000;3.706070e+000;1.073968e+001;4.669773e+000;-1.757295e+000;-4.238966e+000
226;2.265125;-3.695898e+000;-3.524881e+000;-4.489920e+000;6.307245e+000;1.789534e+001;-4.208308e+000;-2.188410e+001;1.030402e+001;2.221673e+001;1.331680e+000;-2.121037e+001;-1.449533e-001;9.962160e+000;7.189768e+000;5.032984e+000;-3.921079e+000
227;2.275147;-1.151135e+000;-1.921908e+000;-3.206908e+000;8.001381e+000;7.426826e+000;-4.943515e+000;-1.548535e+001;4.250327e+000;6.660201e+000;5.952180e+000;-7.844425e+000;-3.274874e+000;9.971329e+000;5.946403e+000;4.399594e+000;4.234577e+000
228;2.285170;-3.044268e+000;-3.129392e+000;-3.395318e+000;6.905938e+000;1.377347e+001;3.145096e+000;-2.639744e+000;2.291020e+000;1.724092e+001;2.320528e+001;-1.161279e+001;-2.627334e+001;-4.938193e+000;6.732120e+000;-6.857130e-001;-3.000520e+000
229;2.295193;-1.315759e+000;-3.987097e+000;1.609239e+000;1.988903e+001;1.325520e+001;1.529515e+000;-8.673364e+000;6.818004e+000;1.906562e+001;-3.107626e+000;-1.236003e+001;-8.244933e+000;-3.791002e+000;7.749066e+000;-1.811047e+000;-4.756267e+000
230;2.305215;-5.406018e+000;-8.117076e+000;-5.300334e+000;1.536085e+001;1.021697e+001;-1.113457e+001;-9.190664e-001;9.569314e+000;1.050591e+001;1.910685e+000;-1.365071e+001;3.747293e+000;1.118286e+001;8.119223e+000;-3.047105e+000;-8.013737e+000
231;2.315238;-5.631337e+000;-7.080488e+000;-1.588611e+000;1.674628e+001;1.244736e+001;-1.448183e+001;-1.677467e+001;6.636018e+000;2.905474e+001;1.070931e+001;-1.098337e+001;1.299749e+000;1.346032e+001;1.470296e+001;-4.265275e+000;-4.862190e+000
232;2.325261;-3.952851e-001;-3.509535e+000;-1.070649e+000;7.270430e+000;1.033318e+001;1.100372e+000;2.151342e+000;1.677141e+000;6.266682e+000;5.091558e+000;2.631240e+000;-1.280034e+000;4.024396e-001;1.072083e+001;-1.008326e+001;-4.193833e+000
233;2.335283;-4.158918e-004;-8.896887e+000;-7.675463e+000;-8.179494e+000;-7.380431e-001;3.737971e+000;1.406135e+000;-3.353022e+000;-6.548706e+000;2.588215e+000;7.697418e+000;3.546978e+000;-1.076380e+000;-7.702406e+000;-9.953312e+000;-1.316717e+000
234;2.345306;5.951755e+000;-4.456692e+000;-6.004142e+000;-1.317677e+001;-2.817764e+000;1.415020e-001;-3.720810e+000;1.219690e+001;6.174444e+000;-6.048829e+000;1.908317e+001;7.260727e-001;-5.659568e+000;-5.000565e+000;-7.979038e+000;-4.457044e+000
235;2.355329;6.828106e+000;-2.030302e+000;1.999312e-001;-9.551011e+000;-3.689464e+000;-5.707232e+000;9.609438e+000;6.629397e+000;2.498972e+000;-9.862018e-001;-3.715463e+000;1.528005e+000;-9.637784e-001;-3.812130e+000;-1.189955e+001;-1.310204e+000
236;2.365351;6.557256e+000;7.041102e-001;1.584848e+000;-7.930660e+000;-6.367008e+000;8.911753e-001;-1.514609e+000;-7.664063e+000;-6.115339e+000;1.941988e+000;1.175405e+001;1.651733e+001;5.448322e+000;-3.451649e+000;-9.955693e+000;4.478321e+000
237;2.375374;7.722160e+000;3.241423e+000;1.892656e+000;-4.924077e+000;-3.026592e-001;-1.753578e+000;-1.146425e+001;-9.300440e+000;1.398383e+000;9.798205e+000;1.333746e+001;1.609524e+001;1.153534e+001;5.597248e+000;-2.792038e+000;-4.709629e-002
238;2.385397;9.172203e+000;2.795352e+000;1.042303e+001;3.414034e+000;4.438231e+000;7.912825e+000;-6.628590e+000;-1.647644e+001;-3.642915e+000;4.358160e+000;1.310087e+000;1.531807e+001;1.092164e+001;1.223654e+001;-1.315547e+000;1.807763e+000
239;2.395420;8.517378e+000;2.619256e+000;6.185899e+000;-2.043845e+000;-1.349021e+000;-3.110856e+000;-1.007053e+001;-8.737759e+000;-8.398413e-001;4.088780e+000;-7.534426e-001;6.974066e+000;9.712503e+000;3.469101e+000;-9.495148e-002;4.334461e+000
240;2.405442;8.365961e+000;-1.194128e+000;-2.969268e+000;-4.726429e+000;-7.165773e+000;-1.060918e+001;-1.331101e+001;-1.405371e+001;-5.093714e+000;4.628920e+000;1.250633e+001;1.477821e+001;1.223088e+001;7.913454e+000;4.106338e+000;5.105355e+000
241;2.415465;1.147305e+001;1.500550e+000;-2.684718e+000;-5.027953e+000;-4.373012e+000;-6.842896e+000;-1.241859e+001;-9.152618e+000;-6.471616e-001;-1.853048e+000;3.263201e+000;1.103829e+001;1.251525e+001;5.514478e+000;4.338473e+000;8.710526e+000
242;2.425488;1.142875e+001;6.336802e+000;-2.656085e+000;6.264686e-002;-1.475235e+000;-2.810871e+000;-7.743416e+000;-1.131114e+001;-7.282867e+000;-8.120538e+000;5.083674e+000;1.241707e+001;9.953929e+000;-1.782862e+000;3.639510e+000;2.998561e+000
243;2.435510;9.187963e+000;9.255384e+000;-7.149836e-002;5.713570e+000;1.239603e+000;-1.190330e-002;-4.386143e+000;-1.153448e+001;-8.960254e+000;-6.011424e+000;-3.502437e+000;1.095277e+001;1.210344e+001;4.067889e+000;4.343334e+000;-1.057886e+000
244;2.445533;1.092160e+001;8.499133e+000;5.032297e+000;1.022959e+001;-6.487206e-001;7.124745e-001;3.603731e-002;-1.092517e+001;-7.083471e+000;-5.963121e+000;-2.220130e+000;6.865043e+000;8.217603e+000;1.133691e-001;1.954552e-001;-1.201824e+000
245;2.455556;1.402026e+001;7.671463e+000;1.710028e+000;5.508745e+000;7.279955e+000;-2.730487e+000;-6.603166e+000;2.336143e+000;-1.021109e+001;-1.014744e+001;-4.854892e+000;-2.588045e+000;9.243219e+000;2.563199e-001;1.506865e+000;-2.908983e+000
246;2.465578;8.895910e+000;6.718616e+000;5.618273e+000;1.219590e+001;9.749676e-001;-6.896362e+000;-1.784850e+000;-2.873007e+000;-3.075167e+000;-9.285843e+000;-8.603105e+000;-1.978762e+000;-2.526264e+000;4.028811e+000;3.823749e+000;7.957889e-001
247;2.475601;6.455128e+000;2.275360e+000;1.355394e+001;4.831328e-001;2.975620e+000;-9.337442e-002;-1.563284e+001;-1.322554e+001;-1.385658e+001;5.641283e+000;3.878330e+000;6.821264e+000;-8.649257e+000;5.421834e+000;3.323747e+000;1.460184e+000
248;2.485624;5.184431e+000;-5.977242e+000;-4.631852e+000;-7.083941e+000;-7.315756e+000;-1.622956e+001;-1.572307e+001;-5.912631e+000;-5.187371e+000;1.044843e+001;1.228866e+001;8.620089e+000;9.284704e+000;1.415549e+001;1.182722e+001;4.077610e+000
249;2.495646;2.645369e+000;-2.675785e+000;-5.555571e+000;-7.142789e+000;-9.070850e+000;-1.621393e+001;-1.347262e+001;-3.610079e-001;5.263332e+000;1.978108e+001;1.713647e+001;-1.128007e+000;1.050065e+001;1.589895e+001;8.093143e+000;-6.401136e-001
250;2.505669;4.619672e+000;1.722183e+000;-1.532126e+000;-6.878837e+000;-8.367101e+000;-7.400619e+000;-8.988357e+000;-1.303565e+000;9.587371e+000;-2.150755e+000;3.116043e+000;1.198162e+000;2.584898e+000;1.218894e+001;7.295549e+000;-5.980987e+000
251;2.515692;3.175623e+000;1.204013e+000;-5.392134e+000;-6.110284e+000;-1.060329e+001;-1.264449e+001;-1.735324e+001;-4.605580e+000;3.344038e+000;-7.912890e-002;2.339623e+000;1.279493e+000;5.853622e+000;1.229476e+001;3.731379e+000;-1.058436e+000
252;2.525714;5.193706e+000;-4.179442e-001;-7.234255e+000;-6.556730e+000;-1.157114e+001;-6.517337e+000;-1.102520e+001;-4.237533e+000;3.684067e+000;7.366193e+000;5.098442e+000;1.091241e+001;1.002281e+001;1.215491e+001;8.481524e+000;3.774903e-001
253;2.535737;2.030140e+000;-1.357747e-002;8.596376e-002;-2.996551e+000;-4.226967e+000;-6.665423e+000;-1.039068e+001;-2.475218e+000;1.482900e+001;4.876077e+000;5.036053e-001;-3.703457e-001;5.785258e+000;7.570659e+000;6.647090e+000;2.084950e-001
254;2.545760;2.900740e+000;-1.747199e-001;3.893955e-001;2.519341e-001;7.693602e-001;2.740011e+000;-2.529186e+000;-2.621433e+000;9.684050e+000;1.403199e+001;-7.821174e-001;-6.551358e+000;1.601260e+000;-1.165307e+000;-3.907359e-001;-3.117160e+000
255;2.555782;5.256455e+000;6.102896e+000;-1.361469e+000;4.940976e+000;3.225052e+000;9.360033e-002;-2.850558e+000;5.271530e+000;3.921217e+000;6.953804e+000;2.080874e+000;-1.351049e+001;5.335705e-001;-2.969820e+000;6.283290e-001;-9.494702e+000
256;2.565805;4.165297e+000;3.026928e+000;2.661730e+000;9.612399e+000;-1.819154e-001;-2.014908e+000;-8.299796e+000;8.771742e+000;5.603601e+000;6.101449e+000;-4.195503e+000;-1.198826e+001;-6.379287e+000;1.972943e+000;-1.099565e+000;-6.668591e+000
257;2.575828;6.057412e+000;3.536404e+000;9.006858e-001;1.085446e+001;-3.753235e+000;-8.880584e+000;-5.031042e+000;2.046622e+000;5.440610e+000;6.883086e+000;-4.446467e+000;-1.633641e+000;-7.217522e+000;-3.478214e+000;-2.277729e+000;-7.674149e-001
258;2.585850;8.951783e+000;5.872464e+000;1.015793e+001;5.753808e+000;-6.427896e+000;1.788457e+000;-3.009360e+000;6.851580e-001;-7.288063e+000;-2.190353e+000;-5.127030e+000;1.580355e+000;-2.680801e+000;-7.247258e+000;-4.022557e+000;-1.008298e-001
259;2.595873;8.120241e+000;1.092608e+001;5.985962e+000;5.701138e+000;-2.114783e+000;6.479282e-001;-1.205692e+000;-5.984056e+000;-5.135848e-001;-1.693484e+001;-1.127017e+001;-1.612336e+001;-1.465993e+001;-8.538393e+000;-1.096526e+001;-3.463866e+000
260;2.605896;1.030817e+001;7.995675e+000;8.490161e+000;2.065354e+000;6.373131e+000;-5.502586e+000;3.202100e-001;-2.062966e-001;-7.958370e+000;-7.224788e+000;-1.047676e+001;-1.142979e+001;-1.284888e+001;-1.175483e+001;-1.113423e+001;-6.470084e+000
261;2.615918;1.290844e+001;8.202384e+000;6.284215e+000;7.524362e+000;-1.638499e+000;-2.959749e-001;3.505603e+000;-7.685087e+000;-4.035223e+000;-8.916901e+000;-7.592004e+000;-5.927301e+000;-7.735354e+000;-1.033510e+001;-8.025480e+000;-6.013754e+000
262;2.625941;5.190920e+000;1.017456e+001;1.145025e+001;8.094893e+000;-2.645623e+000;2.334293e+000;-2.661214e+000;-4.990662e+000;-3.767472e+000;-1.012429e+001;-5.794461e+000;-5.191891e+000;-1.088952e+000;-3.334426e+000;-1.067203e+001;-8.180557e+000
263;2.635964;4.659538e+000;7.190835e+000;1.257132e+001;-1.396801e+000;-4.062910e-001;-3.422574e+000;-2.480242e+000;-7.825027e+000;5.775381e-001;-7.774709e+000;-1.326321e+001;-5.811587e+000;-1.345509e+001;-8.155746e+000;-6.440388e+000;-1.954981e+000
264;2.645986;4.089367e+000;6.224040e+000;1.179794e+001;8.513028e+000;4.147031e+000;-8.106668e+000;-1.188353e+001;5.820527e+000;-7.348810e-001;-8.371538e+000;-4.648181e+000;-3.039694e+000;-1.154025e+001;-9.228712e+000;-1.459316e+000;-3.660269e+000
265;2.656009;4.529522e+000;7.526440e+000;8.139851e+000;1.017351e+001;-3.072641e+000;-3.459117e+000;-5.682889e+000;-8.922218e+000;-2.308840e+000;-3.945699e+000;-1.951126e+000;-1.089285e+001;-1.710744e+001;-1.187357e+001;-6.694872e+000;-4.178566e+000
266;2.666032;3.902921e+000;5.391663e+000;1.191933e+001;1.338896e+001;3.979915e+000;-9.840194e+000;-2.753909e-001;-7.432008e+000;-1.007677e+001;-9.389734e-001;5.963547e-001;-7.535532e+000;-1.244888e+001;-6.547084e+000;-7.579790e+000;-6.271656e+000
267;2.676054;7.713853e+000;8.267558e+000;1.160178e+001;9.983313e+000;4.298609e+000;-7.271605e+000;6.927420e-001;-3.778350e+000;-2.016719e+000;-1.606065e+000;9.908852e+000;5.748886e+000;-4.006551e+000;3.931933e+000;9.688689e-001;-2.925866e+000
268;2.686077;7.000027e+000;8.177488e+000;1.373811e+001;1.121497e+001;1.817562e+000;-4.197237e+000;-1.002093e+000;-7.570443e+000;5.505974e+000;-7.655108e+000;-5.886831e+000;-1.066337e+000;3.193619e+000;8.018490e+000;-5.644470e+000;-8.172244e+000
269;2.696100;1.072391e+001;1.450807e+001;5.385217e+000;8.310154e+000;7.961803e+000;-4.563025e+000;-9.339439e-001;-1.337775e+001;-1.261185e+001;-4.938800e+000;-1.297851e+000;1.084646e+001;9.772855e+000;4.123800e+000;-8.144334e+000;-4.449056e+000
270;2.706122;8.355857e+000;7.217996e+000;1.016049e+001;1.175970e+001;3.952773e+000;-6.271060e+000;1.592213e+000;-9.852061e+000;-1.074212e+001;4.399487e+000;-5.335315e-001;5.794425e+000;1.473712e+000;7.269729e+000;1.885318e+000;-5.593339e-001
271;2.716145;6.435042e+000;1.055390e+001;6.599885e+000;8.962782e+000;9.777907e+000;-2.997491e+000;8.746511e+000;-2.072719e+000;3.656682e+000;-1.782571e+000;2.455294e+000;1.004602e+000;2.146368e+000;1.049782e+001;-6.554866e-001;-1.982189e+000
272;2.726168;8.716483e+000;4.881574e+000;1.690178e+001;1.145960e+001;1.454490e+001;3.890791e+000;4.550610e+000;5.139956e+000;-1.216948e+000;1.021834e+001;4.671635e+000;-1.983019e+000;-1.306565e+000;5.302456e+000;6.284390e-001;-1.435126e+000
273;2.736190;7.582756e+000;9.222885e+000;5.830341e+000;9.338504e+000;1.874443e+001;-7.939337e-001;1.240737e+001;7.107078e+000;-8.955501e+000;1.089161e+001;-4.630642e+000;3.888723e-001;-8.351046e+000;4.058884e-001;-3.204547e+000;-5.216604e+000
274;2.746213;3.389862e+000;8.286183e+000;3.867876e+000;2.294899e+000;1.605789e+001;5.526542e+000;1.502778e+001;1.338362e+001;-4.466980e+000;-4.286314e+000;-3.184618e-001;5.936084e-001;7.875720e+000;-9.752869e-002;1.210049e+000;-6.282124e+000
275;2.756236;-2.996381e+000;-1.006230e+000;-5.775323e+000;1.038580e+001;1.667819e+001;2.456830e+000;-6.381536e-002;2.251716e+001;2.493728e+001;2.141092e+001;-7.210507e+000;-1.000533e+000;1.536570e+001;6.137408e+000;4.606910e+000;-8.311419e+000
276;2.766259;-2.734347e+000;-2.997455e+000;-1.196609e+001;9.294187e+000;5.745451e+000;3.857786e-001;-1.280416e+001;-5.328678e+000;1.264550e+001;5.972347e+000;-2.000104e+000;-6.950418e+000;9.902613e+000;4.934782e+000;1.761856e+000;-4.330646e+000
277;2.776281;-4.133950e+000;-2.785337e+000;-1.020374e+001;5.703027e+000;2.230494e+000;-2.846254e+000;-1.612054e+001;-8.370150e+000;4.380017e+000;-5.496559e-001;5.224259e+000;-9.309557e+000;7.402206e+000;1.205003e+001;2.683065e+000;-1.863692e+000
278;2.786304;-3.569001e+000;-5.717064e-001;-1.772236e+000;1.153097e+001;8.621151e+000;-9.850044e+000;-1.580888e+001;-1.587953e+000;1.517121e+001;1.983881e+001;1.793296e+001;-1.181501e+001;4.450865e+000;9.634992e+000;1.040206e+000;-1.341300e+000
279;2.796327;-1.335532e+000;-2.522167e+000;-7.937369e+000;3.207109e+000;8.780399e+000;1.533381e+000;2.611426e-001;4.136513e+000;7.624079e+000;6.032810e+000;7.821550e+000;-1.539045e+001;-2.267576e+000;2.476172e+000;-1.470762e-001;6.673532e+000
280;2.806349;7.774342e+000;5.951184e+000;3.774310e+000;8.617289e+000;-3.056496e+000;-2.830635e+000;-5.159699e+000;-1.360162e+001;-2.388899e+000;1.168695e+001;1.105764e+001;5.175925e-001;-1.582344e+000;-5.367810e+000;5.762932e+000;4.534449e+000
281;2.816372;9.816508e+000;1.258475e+001;7.753411e+000;9.797426e+000;-4.750496e+000;-3.429868e+000;-2.521091e-001;-6.341775e+000;-7.247920e+000;6.557680e+000;5.067575e+000;2.684562e+000;2.341062e+000;-1.122295e+000;1.735954e+000;7.102640e-001
282;2.826395;5.602676e+000;7.187197e+000;8.423344e+000;1.414257e+001;3.243028e+000;-1.452071e+001;5.328133e+000;6.035759e+000;-9.613670e+000;-6.028047e+000;2.004322e+000;3.524873e+000;1.428053e+000;7.297665e+000;7.477748e-001;-8.069538e+000
283;2.836417;8.018633e+000;9.147523e+000;6.826963e+000;1.275423e+001;-1.636925e+000;-8.496313e+000;3.167873e+000;-9.133298e+000;-1.463895e+000;-5.756942e+000;-1.644995e+000;1.195114e+001;-2.663540e+000;1.809915e-001;-7.227719e-001;-8.341113e+000
284;2.846440;8.819338e+000;9.473360e+000;5.735034e+000;1.437739e+001;7.144010e+000;-1.109729e+000;-3.069049e+000;-8.710486e+000;1.394332e+001;-5.774577e-001;4.558830e+000;-3.095842e+000;-1.023226e+001;-2.576378e+000;3.574779e-001;-5.495476e-002
285;2.856463;9.992324e+000;1.595685e+001;1.067812e+001;6.688176e+000;5.831312e+000;-3.160305e+000;3.155063e+000;-6.349338e+000;5.745783e+000;2.372712e+000;9.417475e-001;-5.629144e+000;-5.213899e+000;-2.196000e+000;2.297098e+000;2.375207e-001
286;2.866485;6.949270e+000;1.433729e+001;1.294444e+001;5.122192e+000;1.440758e+001;-8.699527e+000;1.237347e+001;6.505702e+000;1.866052e+000;1.540389e+001;-9.311354e+000;8.031689e+000;-3.415614e+000;-2.262769e+000;-2.551828e+000;-7.531262e+000
287;2.876508;9.523312e+000;7.876781e+000;1.096495e+001;1.120163e+001;5.720020e+000;4.209892e+000;-6.446604e-001;9.170901e+000;-1.425033e+000;8.588583e+000;-1.171400e+000;-1.456221e-001;8.964150e-001;1.336713e+000;2.333216e+000;1.996871e+000
288;2.886531;1.014503e+001;6.400435e+000;6.686833e+000;1.320691e+001;7.147297e+000;1.716803e+001;1.463954e+000;5.463226e+000;3.283888e+000;1.719683e-001;6.740384e+000;-6.749001e+000;1.615663e+000;3.084217e+000;-2.647113e+000;1.582201e+000
289;2.896553;4.080910e+000;7.708820e+000;5.943977e+000;1.231356e+001;9.833320e+000;2.132712e+000;-2.616995e+000;-4.490652e+000;1.133706e+000;-7.077572e+000;-2.769811e+000;8.700541e+000;1.156488e+001;1.557539e+001;-5.294342e+000;-5.445794e+000
290;2.906576;2.300802e+000;6.398652e+000;6.842019e+000;9.875910e+000;1.731260e+001;4.618024e+000;-6.559258e+000;2.605893e+000;1.037028e+001;1.186502e+001;-1.017594e+001;-2.048836e-001;6.264247e+000;5.615210e+000;-1.686905e+000;-3.944436e+000
291;2.916599;1.633288e+000;2.736525e+000;8.962136e+000;1.911866e+001;2.118098e+001;7.050537e+000;-1.133722e+001;9.330188e-001;7.693438e+000;6.331885e+000;-9.282071e+000;-5.905606e+000;5.639891e+000;5.374690e+000;-3.866130e+000;8.520902e-001
292;2.926621;-5.338810e-001;-5.351623e+000;1.091303e+001;2.421077e+001;1.032128e+001;-1.007279e+001;-5.166044e+000;1.053797e+001;2.057106e+000;6.996861e-001;-6.633843e+000;-3.664612e+000;-2.477044e-001;1.722415e+000;4.132044e+000;-1.335769e+000
293;2.936644;-6.799839e+000;2.270622e+000;1.609708e+001;1.832088e+001;-1.682149e+001;-1.578740e+001;8.686558e+000;1.670067e+001;-1.547562e+001;-1.412729e+001;2.984341e+000;-9.587687e+000;-7.369938e+000;-1.965278e+000;7.089900e+000;-4.968407e+000
294;2.946667;-2.645579e+000;9.859443e-001;1.408716e+001;1.354316e+001;-1.080861e+001;-8.901247e+000;2.248627e+000;-8.653105e+000;-2.217080e+001;-1.232400e+001;-9.696896e+000;-5.853021e+000;3.804671e-001;-1.147604e+000;-3.632886e+000;-8.451422e+000
295;2.956689;1.961774e-001;5.133337e+000;1.678714e+001;1.920183e+001;-7.182578e+000;-9.090300e-001;5.749895e+000;-9.761889e+000;-1.781755e+001;-1.515461e+001;-1.601985e+001;-3.751430e+000;-1.798482e+000;6.442702e-001;1.313155e+000;-5.152342e+000
296;2.966712;6.669837e-001;6.055694e+000;1.702477e+001;1.388341e+001;-1.130685e+001;2.427669e+000;-5.035728e+000;-4.313428e+000;-3.963383e+000;-2.177916e+001;-2.234128e+001;-1.857110e+001;-7.837143e+000;-1.769668e+000;6.189616e+000;1.014196e+000
297;2.976735;1.687335e+000;7.372651e+000;1.318718e+001;1.252873e+001;-7.295907e+000;6.939033e-001;-5.808332e+000;-5.681867e+000;-2.242729e+000;-2.294153e+001;-1.686573e+001;-8.551713e+000;-7.710909e+000;2.132598e-001;6.955749e+000;8.790959e-002
298;2.986757;4.845931e+000;3.451886e+000;9.794565e+000;1.261468e+001;3.318798e+000;-3.302032e+000;-8.871270e-001;-4.071617e+000;-1.474678e+001;-2.292667e+001;-9.327827e+000;-6.951036e+000;-4.969155e+000;8.531479e+000;6.199709e+000;1.897706e+000
299;2.996780;2.636140e+000;5.673899e+000;1.211911e+001;6.853609e+000;1.994745e+000;8.159716e+000;4.913335e+000;-1.039335e+001;-1.617523e+001;-1.939679e+001;-1.305433e+001;-6.279100e+000;-8.473798e+000;9.902109e+000;1.022769e+001;3.370906e+000
300;3.006803;6.555052e+000;9.175432e+000;2.179794e+000;6.671347e+000;4.308845e+000;9.179589e+000;-3.755912e+000;-4.669755e+000;-1.236882e+001;-9.918990e+000;-1.440351e+001;6.660394e-001;-2.343187e+000;6.514212e+000;6.173665e+000;9.104063e+000
301;3.016825;7.020391e+000;8.890876e+000;5.362574e+000;8.163196e+000;7.274450e+000;1.238078e+000;-1.003905e+001;-1.661750e+000;-9.885303e+000;-1.406855e+001;4.678623e+000;2.675329e+000;5.404048e+000;6.922360e+000;5.147402e+000;2.854497e+000
302;3.026848;7.873142e+000;5.722434e+000;9.642417e+000;5.333513e+000;1.287723e+000;-1.733659e+000;-4.023033e+000;-7.593574e+000;-2.032584e+000;2.212759e+000;5.658522e+000;8.360469e-001;3.874673e+000;6.874887e+000;9.151862e+000;1.563135e+000
303;3.036871;1.125101e+001;1.867517e+000;8.213490e+000;5.111426e+000;-1.018826e+001;-4.854480e+000;-3.434243e+000;-5.931289e+000;-5.750812e+000;-1.665479e+000;6.494569e+000;8.847582e+000;9.481786e+000;5.468812e+000;4.344831e+000;1.607084e+000
304;3.046893;9.729668e+000;4.214937e+000;6.641271e+000;1.133566e+000;-5.588911e+000;-6.926852e+000;-1.002005e+001;-8.343695e+000;-7.194289e+000;3.024704e+000;4.182470e+000;6.819551e+000;2.205811e+000;6.872439e+000;7.045127e+000;1.758551e+000
305;3.056916;8.049124e+000;2.964852e+000;8.511669e+000;4.493755e+000;1.547181e+000;7.337670e-001;-1.406135e+001;-1.158182e+001;-1.268210e+001;-5.356314e+000;5.119927e+000;5.409401e+000;1.302651e+001;8.542198e+000;3.470874e+000;1.636273e+000
306;3.066939;1.037553e+001;1.803846e+000;1.567198e+001;9.588622e+000;4.394395e+000;-2.747520e+000;-6.462120e+000;8.457916e-001;-3.604522e+000;8.156906e+000;1.777628e+000;-1.302945e+000;1.355772e+001;3.222724e+000;-7.386165e+000;-5.275676e+000
307;3.076961;1.301004e+001;7.743804e+000;1.534968e+001;3.917284e+000;9.581742e+000;5.354462e+000;7.532990e+000;6.195078e+000;1.542757e-001;1.718876e+001;2.617140e-001;4.518460e+000;4.497879e+000;4.172752e+000;1.670562e+000;-1.342003e+000
308;3.086984;4.979177e+000;3.355798e+000;1.844580e+001;1.381890e+001;6.598118e+000;3.827723e+000;5.344684e+000;1.611861e+000;2.391250e+000;1.372618e+001;7.645866e+000;5.479991e+000;9.937085e-001;2.590199e-001;3.598274e-001;9.196761e-001
309;3.097007;-1.772173e+000;2.612832e+000;1.798799e+001;1.627281e+001;-1.476978e+000;5.946148e+000;-3.713346e+000;-9.271814e+000;6.852581e+000;5.843521e+000;-4.736457e+000;-1.107142e+000;8.900496e+000;8.232643e+000;-1.122544e+000;-6.260096e+000
310;3.107029;3.618862e+000;1.760573e+000;7.967396e+000;-7.155474e-002;-8.901798e+000;-9.031966e+000;-2.378259e+001;-1.829845e+001;-6.578968e-001;1.552228e+001;-1.244059e+000;8.865416e+000;-3.343014e+000;1.174709e-002;4.474059e+000;1.469111e+000
311;3.117052;9.424525e+000;1.412213e+000;3.280919e+000;-2.436019e+000;-9.135526e+000;-1.178593e+001;-1.796638e+001;-7.734261e+000;1.732966e-001;2.257356e+001;2.153297e+001;6.631350e+000;-7.459340e+000;-4.513832e-001;3.516517e+000;-1.001988e+000
312;3.127075;6.911202e+000;-2.045362e+000;-1.039109e+000;-2.407532e+000;-6.244101e+000;-1.358118e+001;-1.806146e+001;-4.696835e+000;6.239470e+000;1.252213e+001;1.320760e+001;8.209920e+000;1.274326e+000;5.708707e+000;-5.912204e+000;-8.217421e+000
313;3.137098;5.334357e+000;-2.522020e+000;-2.431352e+000;2.052940e-001;-1.168890e+001;-2.162286e+001;-1.137832e+001;-2.971637e+000;8.709719e+000;2.170170e+001;2.170939e+000;3.386939e+000;3.917735e+000;8.854471e+000;-6.263146e+000;-1.229659e+001
314;3.147120;6.524536e+000;-2.118403e+000;-3.001209e+000;-3.242323e+000;-7.808695e+000;-1.005222e+001;-9.548243e+000;6.288620e+000;1.617119e+001;2.031740e+001;1.994001e+000;2.861317e+000;5.098015e-001;4.032837e+000;-5.183275e+000;-2.455362e+000
315;3.157143;6.623026e+000;9.715267e-001;-6.189969e+000;1.297335e-001;-1.257804e+001;-6.123504e+000;-1.013150e+001;1.335797e+001;1.624625e+001;2.553818e+001;1.357713e+001;2.978037e+000;-9.259964e-001;1.895944e+000;-1.082602e+001;-1.100062e+001
316;3.167166;6.048527e+000;4.476149e+000;-3.331424e+000;-1.197770e+000;-6.069968e+000;2.367702e+000;-9.965298e+000;3.152791e+000;1.133675e+001;1.452704e+001;9.731510e+000;-7.335986e+000;-9.203254e+000;1.519537e+000;-4.147844e+000;-1.060477e+001
317;3.177188;3.502780e+000;4.331052e+000;5.751593e-001;-3.949899e+000;-5.838379e+000;-1.130784e+000;-1.237837e+001;3.682038e+000;8.417313e+000;8.741177e+000;6.306184e+000;4.229647e-001;-3.819504e+000;4.048024e+000;4.911676e+000;-6.399328e+000
318;3.187211;2.849800e+000;5.934751e+000;1.850145e+000;3.717863e+000;3.741690e+000;1.630736e+000;-1.648753e+001;1.069145e-001;-2.340402e-001;1.516622e+001;1.806764e+001;-6.346024e+000;-1.381690e+001;7.660656e+000;3.144479e+000;-3.265316e+000
319;3.197234;1.894088e+000;5.272280e+000;-2.039062e+000;6.112460e+000;5.880275e+000;3.729223e+000;-4.644467e+000;4.043718e+000;1.466987e+001;1.872579e+001;1.437833e+001;-8.317161e+000;-1.053445e+001;4.438450e+000;-2.053789e+000;-6.532506e+000
320;3.207256;4.297503e-001;1.044459e+001;5.103009e+000;1.205931e+001;3.350431e+000;1.099227e+001;-3.984731e+000;-2.635943e-001;1.064428e+001;1.951872e+001;5.830181e+000;-2.420841e+000;9.887121e+000;8.885041e+000;-1.855153e+000;-6.274321e+000
321;3.217279;1.695310e+000;1.119440e+001;-1.501340e+000;2.565491e+000;1.118354e+001;1.000397e+001;7.975799e+000;1.698525e+000;4.837169e+000;1.277162e+001;-4.035996e+000;1.847841e+000;8.578995e+000;3.745337e+000;2.103858e-001;-5.857197e+000
322;3.227302;4.300287e+000;4.215418e+000;-7.887739e-001;3.230899e+000;6.918151e+000;2.229687e+000;-1.513674e+000;6.602645e+000;1.558731e+001;1.678154e+001;-8.236097e-001;6.869270e-003;8.922378e+000;3.689945e+000;4.600491e+000;-5.228403e-001
323;3.237324;8.165627e+000;2.777894e+000;-1.213783e+000;9.703283e+000;6.244027e+000;-5.582515e+000;-6.474014e+000;3.741510e+000;3.884660e+000;1.028385e+000;1.590479e+001;5.711062e+000;1.462152e+001;3.712110e+000;2.751354e+000;-1.287377e+000
324;3.247347;5.632804e+000;9.824337e-001;-3.706684e+000;3.783298e+000;-5.229127e+000;-1.396921e+001;-8.589367e-001;2.591000e+000;1.452091e+001;1.616128e+001;1.616635e+001;2.277901e+001;7.178782e+000;4.383605e+000;2.249730e+000;3.289273e+000
325;3.257370;5.673718e+000;6.536403e+000;6.223877e-001;5.324198e+000;-2.616309e+000;-1.478705e+001;-1.434826e+001;6.655838e-002;1.568236e+001;1.280759e+001;6.305073e-001;4.396821e+000;-2.654574e+000;1.807797e+000;-1.835649e+000;-4.525790e+000
326;3.267392;4.438647e+000;1.685683e+000;-6.340845e-001;1.248310e+001;5.201032e-001;-1.107779e+001;-9.729445e+000;-4.710748e+000;1.056731e+001;1.424958e+001;7.605537e+000;6.830620e+000;3.931738e+000;7.207301e+000;6.535839e+000;1.652223e+000
327;3.277415;2.997938e+000;2.558433e+000;2.817736e+000;8.901482e+000;-4.557859e+000;-6.342128e+000;-1.474578e+001;-5.636763e+000;9.594455e+000;1.579858e+001;7.208496e+000;9.291179e+000;-2.213707e+000;3.538685e-001;3.876737e+000;4.193046e+000
328;3.287438;1.100498e+000;1.412245e+000;-1.747904e+000;1.038532e+000;-1.068214e+001;-2.027214e+001;-2.251048e+001;-1.113883e+001;-1.259849e+000;-1.449642e+000;4.194429e+000;5.021627e+000;-2.847774e+000;-2.203612e-001;4.828329e+000;-7.211562e+000
329;3.297460;1.669666e+000;3.446420e+000;1.944429e+000;1.274011e+001;4.372456e+000;-6.763421e+000;-2.256445e+001;4.657370e+000;2.582454e+000;-2.269628e+000;2.933862e+000;9.082964e+000;1.639300e+001;1.148217e+001;1.211379e+000;-4.860189e+000
330;3.307483;-8.216854e-001;3.933696e-001;-4.902185e+000;5.272370e+000;-1.356138e+000;-1.571381e+001;-2.689531e+001;-1.141828e+000;9.327150e+000;1.753624e+001;-1.469046e+000;8.503759e+000;6.322055e+000;1.114553e+001;-1.088467e+000;-5.699537e+000
331;3.317506;1.316506e+000;4.790446e+000;-2.136250e+000;4.455378e+000;-5.535948e-002;-3.332066e+000;-8.123996e+000;3.639675e+000;1.686361e+001;1.139117e+001;-1.389627e+001;8.463694e-001;4.354622e+000;8.166192e+000;9.502839e-001;-1.519274e+000
332;3.327528;2.329996e+000;4.966023e+000;-5.461436e+000;6.347287e+000;2.486514e+000;-6.111873e+000;-2.015307e+001;2.294160e-001;1.946305e+001;1.099799e+001;-2.148268e+000;1.072199e+001;8.153828e+000;3.280104e+000;1.419861e+000;4.711432e+000
333;3.337551;3.907328e+000;3.109280e+000;1.974649e+000;6.421255e+000;-7.185011e+000;-1.180309e+001;-1.725529e+001;1.794297e+000;8.277806e+000;6.290238e+000;5.120338e+000;-1.360273e+001;3.389870e+000;6.697394e+000;1.381606e-001;-1.046604e+000
